,0,1,2
0,7.0675531649e-30,0.999910008099,0.0
1,1.72686867557e-30,0.999910008099,0.0
2,6.17190749065e-30,0.999910008099,0.0
3,1.05970434491e-29,0.999910008099,0.0
4,4.72060728144e-30,0.999910008099,0.0
5,1.04579005799e-29,0.999910008099,0.0
6,7.38863160829e-30,0.999910008099,0.0
7,9.55467166288e-30,0.999910008099,0.0
8,1.84458115194e-30,0.99995700387,1.0
9,5.72803249657e-30,0.0,0.0
10,2.27860550152e-30,0.999910008099,0.0
11,5.14689681944e-30,0.99998600126,1.0
12,2.07448515184e-30,0.0,0.0
13,9.55467164514e-30,0.999910008099,0.0
14,1.05828125556e-29,0.999910008099,0.0
15,2.9442061572e-30,0.999910008099,0.0
16,5.48860821513e-30,0.999910008099,0.0
17,6.00407002111e-30,0.999910008099,0.0
18,4.42630826547e-30,0.99995700387,1.0
19,3.96831039506e-30,0.999910008099,0.0
20,2.0509469665e-30,0.999910008099,0.0
21,1.86250711914e-30,0.99995700387,1.0
22,5.11559390722e-30,0.99994300513,1.0
23,5.66053264565e-30,0.999910008099,0.0
24,5.84104909685e-30,0.99995700387,1.0
25,5.57780782368e-30,0.999910008099,0.0
26,2.84726772866e-31,0.999910008099,0.0
27,2.84726772866e-31,0.999910008099,0.0
28,5.81827559603e-30,0.99995700387,1.0
29,5.19798200479e-30,0.999910008099,0.0
30,5.74075415481e-30,0.999910008099,0.0
31,4.12497628555e-30,0.999910008099,0.0
32,8.70539344967e-30,0.999910008099,0.0
33,2.94371235091e-30,0.99995700387,1.0
34,4.10138670621e-30,0.999910008099,0.0
35,5.15200957341e-30,0.999910008099,0.0
36,6.22095360596e-30,0.999910008099,0.0
37,6.26728274172e-30,0.999910008099,0.0
38,2.49238548124e-30,0.999910008099,0.0
39,2.93695342523e-30,0.999929006389,1.0
40,2.08189944117e-30,0.999910008099,0.0
41,8.9640635332e-30,0.999910008099,0.0
42,8.33061188702e-30,0.999910008099,0.0
43,9.17919602111e-30,0.999910008099,0.0
44,4.70893598694e-30,0.99995700387,1.0
45,5.089207455e-30,0.999910008099,0.0
46,5.58805094085e-30,0.999910008099,0.0
47,8.90824266844e-30,0.999910008099,0.0
48,3.02345426946e-30,0.999910008099,0.0
49,1.06082416297e-29,0.999929006389,1.0
50,0.12575208757,0.999910008099,0.0
51,8.96923687451e-30,0.999910008099,0.0
52,1.34006209669e-30,0.999910008099,0.0
53,4.73845077466e-30,0.999910008099,0.0
54,2.71155248969e-30,0.999910008099,0.0
55,2.05362632726e-30,0.999910008099,0.0
56,2.43658495415e-30,0.999910008099,0.0
57,5.86528819867e-30,0.999914007739,1.0
58,9.32911714247e-30,0.999910008099,0.0
59,1.04253147923e-29,0.999910008099,0.0
60,2.06526117062e-30,0.999910008099,0.0
61,5.35356799167e-30,0.999910008099,0.0
62,3.01066352522e-30,0.999910008099,0.0
63,1.0876215848e-29,0.999910008099,0.0
64,1.06082416297e-29,0.999929006389,1.0
65,1.10229474346e-29,0.999910008099,0.0
66,4.06888845637e-30,0.999910008099,0.0
67,5.42405028487e-30,0.999910008099,0.0
68,4.64247611218e-30,0.999910008099,0.0
69,6.01533355421e-30,0.999910008099,0.0
70,9.83608073231e-30,0.999910008099,0.0
71,1.53930623604e-30,0.999910008099,0.0
72,5.69997543492e-30,0.0,0.0
73,9.09288246671e-30,0.99995700387,1.0
74,4.08657117854e-30,0.999910008099,0.0
75,9.43436274608e-30,0.999910008099,0.0
76,3.8451302517e-30,0.999910008099,0.0
77,1.06082416297e-29,0.999929006389,1.0
78,5.25170032706e-30,0.999910008099,0.0
79,1.05915130399e-29,0.999910008099,0.0
80,0.141530695595,0.999910008099,0.0
81,3.47691904493e-30,0.999910008099,0.0
82,4.06287142106e-30,0.999910008099,0.0
83,0.125752087486,0.999910008099,0.0
84,1.35781879122e-30,0.999910008099,0.0
85,5.94747279835e-30,0.999910008099,0.0
86,3.93733872376e-30,0.999910008099,0.0
87,5.12596094228e-30,0.999914007739,1.0
88,1.06082416297e-29,0.999929006389,1.0
89,5.11869874206e-30,0.99995700387,1.0
90,9.56644340714e-30,0.999910008099,0.0
91,3.78678479938e-30,0.999910008099,0.0
92,7.1681893748e-30,0.999910008099,0.0
93,3.20895363576e-30,0.999910008099,0.0
94,2.53513095126e-31,0.999910008099,0.0
95,8.54805686838e-30,0.999910008099,0.0
96,5.95552445485e-30,0.999910008099,0.0
97,2.985364485e-30,0.999910008099,0.0
98,3.06933011761e-30,0.99995700387,1.0
99,1.36769822476e-30,0.99995700387,1.0
100,5.43832515571e-30,0.999910008099,0.0
101,1.00477400785e-29,0.99994300513,1.0
102,2.1813496132e-30,0.999914007739,1.0
103,9.57365343887e-30,0.999910008099,0.0
104,1.06082416297e-29,0.999929006389,1.0
105,1.3424933172e-30,0.999910008099,0.0
106,1.79020233432e-30,0.999910008099,0.0
107,4.1327412696e-30,0.999910008099,0.0
108,2.44302252398e-30,0.999910008099,0.0
109,5.59534237352e-30,0.999910008099,0.0
110,9.204739743e-30,0.999910008099,0.0
111,1.10417662491e-29,0.999910008099,0.0
112,5.27041008673e-30,0.999910008099,0.0
113,3.06095902373e-30,0.999910008099,0.0
114,9.73099454883e-30,0.999910008099,0.0
115,1.09385405248e-29,0.999910008099,0.0
116,4.58435356426e-30,0.999910008099,0.0
117,1.06082416297e-29,0.999929006389,1.0
118,8.66701868954e-30,0.999910008099,0.0
119,6.22083797094e-30,0.999910008099,0.0
120,2.93746026181e-30,0.999910008099,0.0
121,5.59303181037e-30,0.999910008099,0.0
122,9.81758351902e-30,0.99995700387,1.0
123,2.10083059469e-30,0.999910008099,0.0
124,5.59382881641e-30,0.999910008099,0.0
125,8.42778773419e-30,0.99998600126,1.0
126,2.05275471034e-30,0.999910008099,0.0
127,3.77139253918e-30,0.999910008099,0.0
128,7.46003238373e-30,0.999910008099,0.0
129,8.77747617256e-30,0.999910008099,0.0
130,9.71019430738e-30,0.999910008099,0.0
131,9.81602892299e-30,0.99995700387,1.0
132,0.125752087486,0.999910008099,0.0
133,9.81602892299e-30,0.99995700387,1.0
134,0.125752087486,0.999910008099,0.0
135,6.21238075235e-30,0.999910008099,0.0
136,5.59349531116e-30,0.999910008099,0.0
137,3.8393718063e-30,0.999910008099,0.0
138,4.99475765654e-32,0.99995700387,1.0
139,3.86346451829e-30,0.999910008099,0.0
140,4.45489268465e-30,0.99995700387,1.0
141,2.34150861951e-30,0.999910008099,0.0
142,9.08928936818e-30,0.999910008099,0.0
143,5.66296968368e-30,0.999910008099,0.0
144,2.44444783984e-30,0.999910008099,0.0
145,5.15611053427e-30,0.999914007739,1.0
146,9.36974916214e-30,0.999910008099,0.0
147,7.14392425968e-30,0.999910008099,0.0
148,1.18085421338e-31,0.999910008099,0.0
149,1.22857629028e-30,0.999910008099,0.0
150,5.22776622228e-30,0.99995700387,1.0
151,5.29712609195e-30,0.999910008099,0.0
152,9.32202046072e-30,0.999910008099,0.0
153,5.42075108931e-30,0.999910008099,0.0
154,5.61433092774e-30,0.999910008099,0.0
155,9.55467165697e-30,0.999910008099,0.0
156,9.36740590501e-30,0.999910008099,0.0
157,4.70252917489e-30,0.999910008099,0.0
158,3.06961871149e-30,0.999910008099,0.0
159,9.08089891214e-30,0.999910008099,0.0
160,1.08019401302e-29,0.999910008099,0.0
161,3.89803733746e-30,0.999910008099,0.0
162,2.97876018472e-30,0.999910008099,0.0
163,2.0644492897e-30,0.999910008099,0.0
164,7.07492961966e-30,0.999910008099,0.0
165,8.95688990234e-30,0.999910008099,0.0
166,5.29223637244e-30,0.999910008099,0.0
167,3.0106448459e-30,0.999910008099,0.0
168,1.80256543473e-30,0.999910008099,0.0
169,1.08879294702e-31,0.99995700387,1.0
170,2.99927807252e-30,0.999910008099,0.0
171,5.92937858129e-30,0.999910008099,0.0
172,4.53661243263e-30,0.999910008099,1.0
173,6.06268484703e-30,0.999910008099,0.0
174,2.92603001303e-30,0.99995700387,1.0
175,9.32886863567e-30,0.999910008099,0.0
176,5.64165951656e-30,0.99995700387,1.0
177,5.27720266416e-30,0.999910008099,0.0
178,8.48930433161e-30,0.999910008099,0.0
179,2.71708171951e-30,0.999910008099,0.0
180,5.41841197952e-30,0.999910008099,0.0
181,5.14629817069e-30,1.0,1.0
182,4.63158178462e-30,0.999910008099,0.0
183,1.01091890265e-29,0.999910008099,0.0
184,1.08071992711e-29,0.999910008099,0.0
185,3.48662313998e-30,0.999910008099,0.0
186,1.03870291721e-29,0.999910008099,0.0
187,3.98973448269e-30,0.999910008099,0.0
188,1.22775998414e-30,0.999910008099,0.0
189,4.29149218795e-30,0.999910008099,0.0
190,6.23135877119e-30,0.999910008099,0.0
191,8.50013533453e-30,0.999910008099,0.0
192,4.73504074471e-30,0.0,0.0
193,6.08176271555e-30,0.99995700387,1.0
194,8.57275295289e-30,0.999910008099,0.0
195,5.52091501892e-30,0.999910008099,0.0
196,5.75767117261e-30,0.999910008099,0.0
197,6.08777477582e-30,0.999910008099,0.0
198,1.87571656513e-30,0.0,0.0
199,5.66174129439e-30,0.999910008099,0.0
200,2.05561984152e-30,0.999910008099,0.0
201,3.00815781209e-30,0.999910008099,0.0
202,1.10770726462e-29,0.999910008099,0.0
203,9.86922743158e-30,0.999910008099,0.0
204,5.75828991072e-30,0.999910008099,0.0
205,5.21277212515e-30,0.999910008099,0.0
206,4.40478838684e-30,0.999910008099,0.0
207,1.94327571159e-30,0.99995700387,1.0
208,2.95475728364e-30,0.999910008099,0.0
209,5.57365602456e-30,0.999910008099,0.0
210,5.57623132622e-30,0.999910008099,0.0
211,1.0874623843e-29,0.999910008099,0.0
212,2.17969728993e-30,0.99995700387,1.0
213,5.35356797689e-30,0.999910008099,0.0
214,5.67167440105e-30,0.999910008099,0.0
215,3.38843073452e-30,0.999910008099,0.0
216,1.83025444074e-30,0.999910008099,0.0
217,5.74586315755e-30,0.999910008099,0.0
218,8.73480802411e-30,0.999910008099,0.0
219,4.22745489611e-30,0.999910008099,0.0
220,1.08106239394e-29,0.999910008099,0.0
221,5.25119188238e-30,0.999910008099,0.0
222,2.91061777579e-30,0.999910008099,0.0
223,1.16002178934e-31,0.999910008099,0.0
224,5.859326483e-30,0.999910008099,0.0
225,5.80846335956e-30,0.999910008099,0.0
226,5.88738792257e-30,0.999910008099,0.0
227,2.91127132442e-30,0.999910008099,0.0
228,8.65451275543e-30,0.0,0.0
229,3.85307529802e-30,0.999910008099,0.0
230,5.87929313129e-30,0.999910008099,0.0
231,9.10584892781e-30,0.999910008099,0.0
232,1.07417797656e-29,0.999910008099,0.0
233,2.5526818274e-31,0.999910008099,0.0
234,6.29848864208e-30,0.999910008099,0.0
235,5.55168765894e-30,0.999910008099,0.0
236,5.47139822847e-30,0.999910008099,0.0
237,9.45803696619e-30,0.999910008099,0.0
238,5.26571176301e-30,0.999910008099,0.0
239,1.05900144434e-29,0.999910008099,0.0
240,5.91850191321e-30,0.999910008099,0.0
241,1.05900143458e-29,0.999910008099,0.0
242,5.81888895411e-30,0.999910008099,0.0
243,8.68066698577e-30,0.999910008099,0.0
244,8.58668550352e-30,0.999910008099,0.0
245,8.08818035016e-32,0.999910008099,0.0
246,5.98022181638e-30,0.999910008099,0.0
247,3.77070497225e-30,0.999910008099,0.0
248,5.12114259085e-30,0.999929006389,1.0
249,2.91850753499e-30,0.999910008099,0.0
250,4.21031533158e-30,0.999910008099,0.0
251,2.30388124506e-30,0.999910008099,0.0
252,5.65876945253e-30,0.999910008099,0.0
253,1.34451437895e-30,0.999910008099,0.0
254,5.74770569418e-30,0.999910008099,0.0
255,1.83099471415e-30,0.999910008099,0.0
256,1.18871897025e-30,0.999910008099,0.0
257,1.05629397887e-29,0.999910008099,0.0
258,5.26700301579e-30,0.0,0.0
259,2.50443531947e-31,0.999910008099,0.0
260,9.75783647911e-30,0.999910008099,0.0
261,2.45886623018e-30,0.999910008099,0.0
262,8.97492317143e-30,0.999910008099,0.0
263,5.84123778193e-30,0.99995700387,1.0
264,5.15736440181e-30,0.99994300513,1.0
265,5.4599655173e-30,0.999910008099,0.0
266,6.17855717822e-30,0.999910008099,0.0
267,8.23254429218e-30,0.99995700387,1.0
268,4.28443005068e-30,0.999910008099,0.0
269,9.34845720729e-30,0.999910008099,0.0
270,9.52200218051e-30,0.999910008099,0.0
271,2.25591670354e-30,0.99995700387,1.0
272,7.20797887107e-31,0.999910008099,0.0
273,8.62629479563e-30,0.999910008099,0.0
274,5.15309706226e-30,1.0,1.0
275,2.47026997791e-30,0.99995700387,1.0
276,3.38040754189e-30,0.999910008099,0.0
277,6.03141428885e-30,0.999910008099,0.0
278,5.80759885788e-30,0.999910008099,0.0
279,5.87032978262e-30,0.999910008099,0.0
280,2.07003534084e-30,0.999910008099,0.0
281,9.54936271248e-30,0.999910008099,0.0
282,1.36256569773e-30,0.999910008099,0.0
283,1.8302209634e-30,0.999910008099,0.0
284,7.88542072059e-30,0.999910008099,0.0
285,9.21382830727e-30,0.999910008099,0.0
286,6.21449967732e-30,0.999910008099,0.0
287,2.98563523317e-30,0.999910008099,0.0
288,3.09472552232e-30,0.999910008099,0.0
289,4.63619386539e-30,0.999910008099,0.0
290,5.15035110746e-30,0.99995700387,1.0
291,3.87663205627e-30,0.999910008099,0.0
292,4.16495905471e-30,0.999910008099,0.0
293,9.50916284758e-30,0.999910008099,0.0
294,4.16054268557e-30,0.999910008099,0.0
295,5.96809570302e-30,0.999910008099,0.0
296,5.81433187077e-30,0.999910008099,0.0
297,4.77241934632e-30,0.999910008099,0.0
298,5.74692950468e-30,0.999910008099,0.0
299,1.0,0.999910008099,0.0
300,1.0,0.999910008099,0.0
301,8.83181280134e-30,0.999910008099,0.0
302,7.33355360054e-31,0.999910008099,0.0
303,1.57913291654e-30,0.999910008099,0.0
304,2.95580094895e-30,0.999910008099,0.0
305,6.09558137818e-30,0.999910008099,0.0
306,5.72023749377e-30,0.999910008099,0.0
307,3.02245369162e-30,0.999910008099,0.0
308,5.79684206971e-30,0.999910008099,0.0
309,9.05518869627e-30,0.0,0.0
310,0.125752087513,0.999910008099,0.0
311,6.12163548097e-30,0.999910008099,0.0
312,5.74259369991e-30,0.999910008099,0.0
313,5.55388208159e-30,0.999910008099,0.0
314,5.74468450982e-30,0.999910008099,0.0
315,1.0,0.999910008099,0.0
316,8.68771461471e-30,0.999910008099,0.0
317,0.12575208757,0.999910008099,0.0
318,5.1532846477e-30,0.999910008099,0.0
319,1.09338571055e-29,0.999910008099,0.0
320,0.12575208757,0.999910008099,0.0
321,0.125752087486,0.999910008099,0.0
322,1.08435145643e-29,0.999910008099,0.0
323,3.04051474173e-30,0.999910008099,0.0
324,6.1655943442e-30,0.999910008099,0.0
325,9.59931353479e-30,0.999910008099,0.0
326,5.35356800645e-30,0.999910008099,0.0
327,3.75020344327e-30,0.999910008099,0.0
328,5.8193126043e-30,0.999910008099,0.0
329,5.44482989009e-30,0.999910008099,0.0
330,1.07144910008e-29,0.999910008099,0.0
331,1.09369156515e-29,0.999910008099,0.0
332,1.00994296562e-29,0.99995700387,1.0
333,5.66113003216e-30,0.999910008099,0.0
334,6.13959363075e-30,0.999910008099,0.0
335,1.10992582643e-29,0.999910008099,0.0
336,6.15963336755e-30,0.999910008099,0.0
337,2.13008843311e-30,0.999910008099,0.0
338,1.83178136218e-30,0.99995700387,1.0
339,5.23461302857e-30,0.999910008099,0.0
340,9.62346559257e-30,0.999910008099,0.0
341,8.8762874314e-30,0.999910008099,0.0
342,7.17522821834e-31,0.999910008099,0.0
343,9.33730849038e-30,0.999914007739,1.0
344,4.7132173175e-30,0.999910008099,0.0
345,1.1461966352e-30,0.999910008099,0.0
346,5.5573412678e-30,0.999910008099,0.0
347,2.04215849813e-30,0.999910008099,0.0
348,8.34092850358e-32,0.999910008099,0.0
349,7.79567442191e-30,0.999910008099,0.0
350,1.11072313488e-29,0.999910008099,0.0
351,2.45814473659e-30,0.999910008099,0.0
352,1.35066560445e-30,0.999910008099,0.0
353,6.13955229917e-30,0.999910008099,0.0
354,5.45108555603e-30,0.999910008099,0.0
355,2.94840800235e-30,0.999910008099,0.0
356,8.11728644828e-30,0.999910008099,0.0
357,1.10005745031e-29,0.999910008099,0.0
358,5.26700301579e-30,0.99995700387,1.0
359,2.50443531947e-31,0.999910008099,0.0
360,9.75783647911e-30,0.999910008099,0.0
361,2.45886623018e-30,0.999910008099,0.0
362,8.97492317143e-30,0.999910008099,0.0
363,5.84123778193e-30,0.99995700387,1.0
364,5.15736440181e-30,0.99994300513,1.0
365,5.4599655173e-30,0.999910008099,0.0
366,6.17855717822e-30,0.999910008099,0.0
367,8.23254429218e-30,0.99995700387,1.0
368,4.28443005068e-30,0.999910008099,0.0
369,9.34845720729e-30,0.999910008099,0.0
370,9.52200218051e-30,0.999910008099,0.0
371,2.25591670354e-30,0.99995700387,1.0
372,7.20797887107e-31,0.999910008099,0.0
373,8.62629479563e-30,0.999910008099,0.0
374,5.15309706226e-30,1.0,1.0
375,2.47026997791e-30,0.99995700387,1.0
376,3.38040754189e-30,0.999910008099,0.0
377,6.03141428885e-30,0.999910008099,0.0
378,5.80759885788e-30,0.999910008099,0.0
379,5.87032978262e-30,0.999910008099,0.0
380,2.07003534084e-30,0.999910008099,0.0
381,9.54936271248e-30,0.999910008099,0.0
382,1.36256569773e-30,0.999910008099,0.0
383,1.8302209634e-30,0.999910008099,0.0
384,7.88542072059e-30,0.999910008099,0.0
385,9.21382830727e-30,0.999910008099,0.0
386,6.21449967732e-30,0.999910008099,0.0
387,2.98563523317e-30,0.999910008099,0.0
388,3.09472552232e-30,0.999910008099,0.0
389,4.63619386539e-30,0.999910008099,0.0
390,5.15035110746e-30,0.99995700387,1.0
391,3.87663205627e-30,0.999910008099,0.0
392,4.16495905471e-30,0.999910008099,0.0
393,9.50916284758e-30,0.999910008099,0.0
394,4.16054268557e-30,0.999910008099,0.0
395,5.96809570302e-30,0.999910008099,0.0
396,5.81433187077e-30,0.0,0.0
397,4.77241934632e-30,0.999910008099,0.0
398,5.74692950468e-30,0.999910008099,0.0
399,1.0,0.999910008099,0.0
400,1.0,0.999910008099,0.0
401,8.83181280134e-30,0.999910008099,0.0
402,7.33355360054e-31,0.999910008099,0.0
403,1.57913291654e-30,0.999910008099,0.0
404,2.95580094895e-30,0.999910008099,0.0
405,6.09558137818e-30,0.999910008099,0.0
406,5.72023749377e-30,0.999910008099,0.0
407,3.02245369162e-30,0.999910008099,0.0
408,5.79684206971e-30,0.999910008099,0.0
409,9.05518869627e-30,0.999910008099,0.0
410,0.125752087513,0.0,0.0
411,6.12163548097e-30,0.999910008099,0.0
412,5.74259369991e-30,0.999910008099,0.0
413,5.55388208159e-30,0.999910008099,0.0
414,5.74468450982e-30,0.999910008099,0.0
415,1.0,0.999910008099,0.0
416,8.68771461471e-30,0.999910008099,0.0
417,0.12575208757,0.999910008099,0.0
418,5.1532846477e-30,0.999910008099,0.0
419,1.09338571055e-29,0.999910008099,0.0
420,0.12575208757,0.999910008099,0.0
421,0.125752087486,0.999910008099,0.0
422,1.08435145643e-29,0.999910008099,0.0
423,3.04051474173e-30,0.999910008099,0.0
424,6.1655943442e-30,0.999910008099,0.0
425,9.59931353479e-30,0.999910008099,0.0
426,5.35356800645e-30,0.999910008099,0.0
427,3.75020344327e-30,0.999910008099,0.0
428,5.8193126043e-30,0.999910008099,0.0
429,5.44482989009e-30,0.999910008099,0.0
430,1.07144910008e-29,0.999910008099,0.0
431,1.09369156515e-29,0.999910008099,0.0
432,1.00994296562e-29,0.99995700387,1.0
433,5.66113003216e-30,0.999910008099,0.0
434,6.13959363075e-30,0.999910008099,0.0
435,1.10992582643e-29,0.999910008099,0.0
436,6.15963336755e-30,0.999910008099,0.0
437,2.13008843311e-30,0.999910008099,0.0
438,1.83178136218e-30,0.99995700387,1.0
439,5.23461302857e-30,0.999910008099,0.0
440,9.62346559257e-30,0.999910008099,0.0
441,8.8762874314e-30,0.999910008099,0.0
442,7.17522821834e-31,0.999910008099,0.0
443,9.33730849038e-30,0.999914007739,1.0
444,4.7132173175e-30,0.999910008099,0.0
445,1.1461966352e-30,0.999910008099,0.0
446,5.5573412678e-30,0.999910008099,0.0
447,2.04215849813e-30,0.999910008099,0.0
448,8.34092850358e-32,0.999910008099,0.0
449,7.79567442191e-30,0.999910008099,0.0
450,1.11072313488e-29,0.999910008099,0.0
451,2.45814473659e-30,0.999910008099,0.0
452,1.35066560445e-30,0.999910008099,0.0
453,6.13955229917e-30,0.999910008099,0.0
454,5.45108555603e-30,0.999910008099,0.0
455,2.94840800235e-30,0.999910008099,0.0
456,8.11728644828e-30,0.999910008099,0.0
457,1.10005745031e-29,0.999910008099,0.0
458,1.06082416297e-29,0.999929006389,1.0
459,9.7606580055e-30,0.99995700387,1.0
460,3.88452726052e-30,0.999910008099,0.0
461,2.44455572999e-30,0.999910008099,0.0
462,9.08172117177e-30,0.999910008099,0.0
463,9.07323370091e-30,0.999910008099,0.0
464,5.43953027788e-30,0.999910008099,0.0
465,2.04632502432e-30,0.999910008099,0.0
466,5.59375878152e-30,0.999910008099,0.0
467,6.22083702796e-30,0.999910008099,0.0
468,8.9492864727e-30,0.999910008099,0.0
469,1.09471616479e-29,0.999910008099,0.0
470,1.76657895543e-30,0.999910008099,0.0
471,9.211563294e-30,0.999910008099,0.0
472,5.88411628928e-30,0.999910008099,0.0
473,2.46102570632e-30,0.999910008099,0.0
474,6.08807684341e-30,0.999910008099,0.0
475,1.04703447974e-29,0.999910008099,0.0
476,2.9992638598e-30,0.999910008099,0.0
477,6.12618363406e-30,0.999910008099,0.0
478,1.0,0.999910008099,0.0
479,0.0,0.999910008099,0.0
480,3.23441088117e-30,0.999910008099,0.0
481,6.15104124341e-30,0.999910008099,0.0
482,4.26314595894e-30,0.999910008099,0.0
483,5.29646958727e-30,0.999914007739,1.0
484,4.70140953005e-30,0.999910008099,0.0
485,2.96146714174e-30,0.999910008099,0.0
486,2.43676265749e-30,0.999910008099,0.0
487,6.12659794903e-30,0.999910008099,0.0
488,4.05807647568e-30,0.999910008099,0.0
489,4.74096182939e-30,0.99995700387,1.0
490,1.79719717401e-30,0.999910008099,0.0
491,9.36879005483e-30,0.999910008099,0.0
492,1.10786645654e-29,0.999910008099,0.0
493,3.29087659488e-30,0.999910008099,0.0
494,1.0828580691e-29,0.999910008099,0.0
495,9.55467131702e-30,0.999910008099,0.0
496,9.59310984225e-30,0.999910008099,0.0
497,2.9855472491e-30,0.0,0.0
498,5.15191399228e-30,0.999914007739,1.0
499,1.00333567204e-29,0.99995700387,1.0
500,2.80462161761e-31,0.0,0.0
501,8.74083915981e-30,0.99995700387,1.0
502,4.10561370741e-30,0.999910008099,0.0
503,5.12441261309e-30,0.99995700387,1.0
504,6.15846869015e-30,0.999910008099,0.0
505,4.41945231906e-30,0.999910008099,0.0
506,5.63599903192e-30,0.999914007739,1.0
507,4.62417073809e-30,0.999910008099,0.0
508,2.94560030144e-30,0.999910008099,0.0
509,4.71613259818e-30,0.999910008099,0.0
510,1.04246764792e-29,0.999910008099,0.0
511,3.9586101961e-30,0.999910008099,0.0
512,9.34566094632e-30,0.999910008099,0.0
513,1.57827186753e-30,1.0,1.0
514,1.09878083798e-29,0.999910008099,0.0
515,8.98520295553e-30,0.999910008099,0.0
516,4.35830315059e-30,0.999910008099,0.0
517,3.08045183981e-30,0.999910008099,0.0
518,2.84728383916e-31,0.999910008099,0.0
519,2.56623182884e-31,0.99995700387,1.0
520,5.88457937622e-30,0.999910008099,0.0
521,2.79900830276e-31,0.999910008099,0.0
522,7.007267363e-31,0.999910008099,0.0
523,1.08261197739e-29,0.999910008099,0.0
524,5.53933868553e-30,0.999910008099,0.0
525,2.91962527908e-30,0.999910008099,0.0
526,6.36128784878e-30,0.0,0.0
527,2.94409554156e-30,0.99995700387,1.0
528,3.0881944879e-30,0.999910008099,0.0
529,5.46602486265e-30,0.99994300513,1.0
530,7.79586730164e-30,0.999910008099,0.0
531,6.80592648685e-30,0.99997100261,1.0
532,5.49914458789e-30,0.999914007739,1.0
533,1.84610256329e-30,0.99995700387,1.0
534,8.52458734336e-30,0.99995700387,1.0
535,4.73185090255e-30,0.999910008099,0.0
536,2.92986054201e-30,0.999910008099,0.0
537,4.70378696216e-30,0.999910008099,0.0
538,5.27052054273e-30,0.999910008099,0.0
539,5.02908881218e-30,0.999910008099,0.0
540,4.62890859019e-30,0.999910008099,0.0
541,4.22295707875e-30,0.999910008099,0.0
542,1.07653647808e-29,0.999910008099,0.0
543,4.61164075647e-30,0.999910008099,0.0
544,8.60605221719e-30,0.0,0.0
545,5.88086681459e-30,0.999910008099,0.0
546,5.48402234276e-30,0.999910008099,0.0
547,9.60385143924e-30,0.999910008099,0.0
548,2.09264160276e-30,0.999910008099,0.0
549,4.29078433066e-30,0.999910008099,0.0
550,2.89584880602e-30,0.999914007739,1.0
551,1.0531922464e-29,1.0,1.0
552,1.0597879617e-29,0.999910008099,0.0
553,4.14749047814e-30,0.999910008099,0.0
554,4.55296319711e-30,0.99995700387,1.0
555,5.15419421151e-30,1.0,1.0
556,7.79566717366e-30,0.999910008099,0.0
557,3.35464194431e-30,0.999910008099,0.0
558,5.92978356103e-30,0.999910008099,0.0
559,5.70216436521e-30,0.999910008099,0.0
560,4.74324157269e-30,0.0,0.0
561,3.98735267562e-30,0.999910008099,0.0
562,6.06069233782e-30,0.999910008099,0.0
563,1.83904275539e-30,0.999910008099,0.0
564,1.05764985371e-29,0.999910008099,0.0
565,3.04308261778e-30,0.999910008099,0.0
566,4.14523547407e-30,0.99995700387,1.0
567,3.74909650652e-30,0.999910008099,0.0
568,5.27099129769e-30,0.999910008099,0.0
569,4.45283988076e-30,0.999910008099,0.0
570,9.33210377348e-30,0.999914007739,1.0
571,4.53655938915e-30,0.999910008099,0.0
572,4.28098260298e-30,0.999910008099,0.0
573,1.79161750204e-30,0.999910008099,0.0
574,3.66180053925e-30,0.0,0.0
575,4.51524994035e-30,0.999910008099,0.0
576,6.20395349045e-30,0.99995700387,1.0
577,9.42076845109e-30,0.999910008099,0.0
578,2.84728942611e-31,0.999910008099,0.0
579,4.73858653451e-30,0.999910008099,0.0
580,4.56549487551e-30,0.999910008099,0.0
581,5.69850888207e-30,0.999910008099,0.0
582,1.85871772959e-30,0.999910008099,0.0
583,2.28506061258e-30,0.999910008099,0.0
584,8.83076743334e-30,0.999910008099,0.0
585,8.94852511078e-30,0.999910008099,0.0
586,4.18718111205e-30,0.999910008099,0.0
587,8.77251145199e-30,0.999910008099,0.0
588,2.10457586509e-30,0.99995700387,1.0
589,1.05206362698e-29,0.999910008099,0.0
590,8.74807343121e-30,0.99995700387,1.0
591,9.0323815644e-30,0.999910008099,0.0
592,5.89345826445e-30,0.999910008099,0.0
593,4.73178649304e-30,0.999910008099,0.0
594,8.7815595508e-30,0.999910008099,0.0
595,9.69658558683e-30,0.999910008099,0.0
596,2.12781320961e-30,0.999910008099,0.0
597,4.40648306152e-30,0.99995700387,1.0
598,5.67195718629e-30,0.999910008099,0.0
599,5.55639731322e-30,0.999910008099,0.0
600,4.52820040328e-30,0.999910008099,0.0
601,5.82893011941e-30,0.999910008099,0.0
602,4.02110122799e-30,0.999910008099,0.0
603,3.66366289624e-30,0.999910008099,0.0
604,1.05850903124e-29,0.999910008099,0.0
605,8.96409736231e-30,0.999910008099,0.0
606,1.08837599555e-29,0.999910008099,0.0
607,2.9217308338e-30,0.999910008099,0.0
608,3.9702339779e-30,0.999910008099,0.0
609,2.29984141841e-30,0.999910008099,0.0
610,1.15566660171e-31,0.999910008099,0.0
611,1.1026319967e-29,0.999910008099,0.0
612,1.08206607386e-29,0.999910008099,0.0
613,4.64813764622e-30,0.99995700387,1.0
614,4.5335508035e-30,0.999910008099,0.0
615,5.95701018955e-30,0.999910008099,0.0
616,1.81592634019e-30,0.999910008099,0.0
617,1.07958912079e-29,0.999910008099,0.0
618,1.05683525853e-29,0.99995700387,1.0
619,5.1462995423e-30,0.999929006389,1.0
620,5.14938373796e-30,0.999910008099,0.0
621,9.78747787177e-30,0.999910008099,0.0
622,4.10711279166e-30,0.99995700387,1.0
623,4.19453087067e-30,0.999910008099,0.0
624,2.72789873732e-31,0.0,0.0
625,1.07759183785e-29,0.999910008099,0.0
626,4.22111754842e-30,0.999910008099,0.0
627,1.33989928596e-30,0.99995700387,1.0
628,5.86979230947e-30,0.999910008099,0.0
629,8.84053581375e-30,0.999910008099,0.0
630,1.05981302345e-29,0.999910008099,0.0
631,6.16500825574e-30,0.999910008099,0.0
632,6.2160218395e-30,0.999910008099,0.0
633,2.45883023723e-30,0.999910008099,0.0
634,8.83687633402e-30,0.999910008099,0.0
635,4.18061499811e-30,0.999910008099,0.0
636,6.14308019004e-30,0.999910008099,0.0
637,5.74742694396e-30,0.999910008099,0.0
638,4.33802754118e-30,0.999910008099,0.0
639,1.94721215608e-30,0.999910008099,0.0
640,7.24060152063e-30,0.999910008099,0.0
641,6.0824442462e-30,0.99995700387,1.0
642,2.08378891702e-30,0.999910008099,0.0
643,1.05443519545e-29,0.999910008099,0.0
644,2.28893630124e-30,0.999910008099,0.0
645,5.2420914052e-30,0.999910008099,0.0
646,2.28892424644e-30,0.999910008099,0.0
647,6.15321411049e-30,0.999910008099,0.0
648,5.69234715961e-30,0.999910008099,0.0
649,2.44572923713e-30,0.999910008099,0.0
650,3.75943473481e-30,0.999910008099,0.0
651,3.83480567447e-30,0.999910008099,0.0
652,4.26359651812e-30,0.0,0.0
653,1.00389800622e-29,0.999910008099,0.0
654,4.69682796465e-30,0.99995700387,1.0
655,2.95499087122e-30,0.999910008099,0.0
656,9.65032724862e-30,0.999910008099,0.0
657,1.15772197737e-31,0.999910008099,0.0
658,6.2177064163e-30,0.999910008099,0.0
659,1.06082416297e-29,0.999929006389,1.0
660,5.70147237603e-30,0.999910008099,0.0
661,5.63125776853e-30,0.999910008099,0.0
662,6.17843747567e-32,0.999910008099,0.0
663,8.95167077763e-30,0.999910008099,0.0
664,6.81327545915e-30,0.0,0.0
665,1.09427302088e-29,0.999910008099,0.0
666,5.62190245859e-30,0.999910008099,0.0
667,8.48930197859e-30,0.999910008099,0.0
668,6.12988090697e-30,0.999910008099,0.0
669,8.85107226337e-30,0.99995700387,1.0
670,4.71623699723e-30,0.999910008099,0.0
671,8.93003089788e-30,0.999910008099,0.0
672,2.31201179575e-30,0.999910008099,0.0
673,6.16277409187e-30,0.0,0.0
674,5.81898718091e-30,0.999910008099,0.0
675,1.05326787386e-29,0.999914007739,1.0
676,6.1811477154e-30,0.999910008099,0.0
677,6.93037914456e-30,0.999910008099,0.0
678,2.88082294015e-30,0.999910008099,0.0
679,8.50119102804e-30,0.999910008099,0.0
680,2.84725472201e-31,0.0,0.0
681,1.11021999248e-29,0.999910008099,0.0
682,5.44461522423e-30,0.999910008099,0.0
683,1.3444045112e-30,0.999910008099,0.0
684,7.01487057686e-31,0.999910008099,0.0
685,3.94295641653e-30,0.999910008099,0.0
686,9.06584882139e-30,0.999910008099,0.0
687,1.38235833775e-30,0.999910008099,0.0
688,2.93382857492e-30,0.999910008099,0.0
689,5.28106473722e-30,0.999910008099,0.0
690,5.91840891567e-30,0.999910008099,0.0
691,9.3107847648e-30,0.999910008099,0.0
692,9.3372746317e-30,0.99995700387,1.0
693,1.10426162336e-29,0.999910008099,0.0
694,3.92832517238e-30,0.999910008099,0.0
695,8.84180578588e-30,0.999910008099,0.0
696,5.12106918014e-30,0.99995700387,1.0
697,5.82976673662e-30,0.0,0.0
698,3.75156875709e-30,0.999910008099,0.0
699,1.10785368106e-29,0.999910008099,0.0
700,4.53403450599e-30,0.999910008099,0.0
701,5.92847873995e-30,0.999910008099,0.0
702,5.49225582629e-30,0.999910008099,0.0
703,1.10327058265e-29,0.999910008099,0.0
704,1.07848932262e-29,0.999910008099,0.0
705,3.62271699362e-30,0.999910008099,0.0
706,7.0389813267e-31,0.999910008099,0.0
707,5.45284195317e-30,0.999910008099,0.0
708,4.55907517505e-30,0.999910008099,0.0
709,8.85106390955e-30,0.99995700387,1.0
710,3.95914021703e-30,0.999910008099,0.0
711,5.87651019918e-30,0.999910008099,0.0
712,1.57112294339e-30,0.999914007739,1.0
713,3.98857897497e-30,0.999910008099,0.0
714,4.11820829069e-30,0.999910008099,0.0
715,4.73746414645e-30,0.999910008099,0.0
716,5.59360830346e-30,0.999910008099,0.0
717,3.87001014971e-30,0.999910008099,0.0
718,4.22069307053e-30,0.999929006389,1.0
719,4.73854318985e-30,0.999910008099,0.0
720,2.45731909227e-30,0.999910008099,0.0
721,1.36172132087e-30,0.999910008099,0.0
722,1.09456116988e-29,0.999910008099,0.0
723,1.79770665035e-30,0.999910008099,0.0
724,1.83006152258e-30,0.999910008099,0.0
725,3.93876574822e-30,0.999910008099,0.0
726,8.61728884723e-30,0.999910008099,0.0
727,5.39178171767e-30,0.999910008099,0.0
728,8.62105648906e-30,0.999910008099,0.0
729,5.83590747698e-30,0.999910008099,0.0
730,1.05677148752e-29,0.999910008099,0.0
731,9.19590202969e-30,0.0,0.0
732,5.45187843246e-30,0.999910008099,0.0
733,4.64280351909e-30,0.99995700387,1.0
734,8.96251286576e-30,0.99995700387,1.0
735,2.28710959134e-30,0.999910008099,0.0
736,5.2662907924e-30,0.999910008099,0.0
737,5.29645991801e-30,0.99995700387,1.0
738,3.66781819533e-30,0.999910008099,0.0
739,9.37304953717e-30,0.99995700387,1.0
740,9.21425823022e-30,0.999910008099,0.0
741,5.60562952115e-30,0.999910008099,0.0
742,1.8391755385e-30,0.999910008099,0.0
743,4.493382125e-30,0.99995700387,1.0
744,2.75383089095e-31,0.99995700387,1.0
745,2.62910697367e-31,0.999910008099,0.0
746,5.95936107923e-30,0.999910008099,0.0
747,1.06082416297e-29,0.999929006389,1.0
748,5.70147237603e-30,0.999910008099,0.0
749,5.63125776853e-30,0.0,0.0
750,6.17843747567e-32,0.999910008099,0.0
751,8.95167077763e-30,0.999910008099,0.0
752,6.81327545915e-30,0.999910008099,0.0
753,1.09427302088e-29,0.999910008099,0.0
754,5.62190245859e-30,0.999910008099,0.0
755,8.48930197859e-30,0.999910008099,0.0
756,6.12988090697e-30,0.999910008099,0.0
757,8.85107226337e-30,0.99995700387,1.0
758,4.71623699723e-30,0.999910008099,0.0
759,8.93003089788e-30,0.999910008099,0.0
760,2.31201179575e-30,0.999910008099,0.0
761,6.16277409187e-30,0.999910008099,0.0
762,5.81898718091e-30,0.999910008099,0.0
763,1.05326787386e-29,0.999914007739,1.0
764,6.1811477154e-30,0.999910008099,0.0
765,6.93037914456e-30,0.999910008099,0.0
766,1.06082416297e-29,0.999929006389,1.0
767,3.38494582175e-30,0.999910008099,1.0
768,1.24796713128e-31,0.999910008099,0.0
769,1.37535452939e-30,0.999910008099,0.0
770,5.30599921586e-30,0.999910008099,0.0
771,5.74530543836e-30,0.999910008099,0.0
772,4.39622448122e-30,0.999910008099,0.0
773,5.43020312142e-30,0.999910008099,0.0
774,5.8052606083e-30,0.999910008099,0.0
775,8.4966998086e-30,0.999910008099,0.0
776,3.86184972216e-30,0.99995700387,1.0
777,4.23575200876e-30,0.999910008099,0.0
778,5.43918658901e-30,0.999910008099,0.0
779,5.60460684088e-30,0.999910008099,0.0
780,1.06082416297e-29,0.999929006389,1.0
781,9.81837043014e-30,0.999910008099,0.0
782,4.74282690891e-30,0.999910008099,0.0
783,5.56251766567e-30,0.999910008099,0.0
784,5.91842037335e-30,0.999910008099,0.0
785,6.12266032507e-30,0.999910008099,0.0
786,3.06285647502e-30,0.999910008099,0.0
787,5.26842389757e-30,0.999910008099,0.0
788,5.63126807038e-30,0.999910008099,0.0
789,6.36215580314e-30,0.999910008099,0.0
790,8.83893352174e-30,0.999910008099,0.0
791,1.10032959847e-29,0.999910008099,0.0
792,3.88054982439e-30,0.999910008099,0.0
793,2.62809626839e-31,0.999910008099,0.0
794,5.70279109058e-30,0.999910008099,0.0
795,5.51647921076e-30,0.999910008099,0.0
796,5.02526513829e-30,0.999910008099,0.0
797,3.01837737541e-30,0.999910008099,0.0
798,5.55640957495e-30,0.999910008099,0.0
799,9.66550780197e-30,0.99995700387,1.0
800,6.14722588491e-30,0.999910008099,0.0
801,3.83830554489e-30,0.999910008099,0.0
802,1.03861221682e-29,0.99995700387,1.0
803,3.01837655658e-30,0.999910008099,0.0
804,6.00788010896e-32,0.99995700387,1.0
805,5.99214828654e-30,0.999910008099,0.0
806,4.96192626209e-30,0.999910008099,0.0
807,9.11735580349e-30,0.999910008099,0.0
808,3.86185562245e-30,0.99995700387,1.0
809,4.29113640586e-30,0.999910008099,0.0
810,2.29112870786e-30,0.999910008099,0.0
811,5.93685297907e-30,0.999910008099,0.0
812,5.02814936559e-30,0.999910008099,0.0
813,8.18307762758e-30,0.999910008099,0.0
814,5.76761874622e-30,0.99995700387,1.0
815,9.25460091404e-30,0.999910008099,0.0
816,5.92457292612e-30,0.999910008099,0.0
817,6.09803067498e-30,0.999910008099,0.0
818,5.12683466687e-30,0.99995700387,1.0
819,3.94316098155e-30,0.999910008099,0.0
820,2.37889423288e-30,0.999910008099,0.0
821,1.09431015013e-29,0.999910008099,0.0
822,1.80614077622e-30,0.999910008099,0.0
823,5.8506176301e-30,0.99995700387,1.0
824,3.97207873453e-30,0.999910008099,0.0
825,5.72208603415e-30,0.999910008099,0.0
826,1.10981354476e-29,0.999910008099,0.0
827,1.8461697781e-30,0.99995700387,1.0
828,6.04076700042e-30,0.999910008099,0.0
829,9.32731981577e-30,0.999914007739,1.0
830,4.04367595175e-30,0.999910008099,0.0
831,2.5618384194e-31,0.999910008099,0.0
832,3.04043166768e-30,0.999910008099,0.0
833,6.04558610565e-30,0.999910008099,0.0
834,1.06021290517e-29,0.999910008099,0.0
835,6.92597715664e-30,0.999910008099,0.0
836,1.10936308017e-31,0.999910008099,0.0
837,6.12829928371e-30,0.999910008099,0.0
838,9.05517103975e-30,0.999910008099,0.0
839,5.55671384184e-30,0.999910008099,0.0
840,1.082786918e-29,0.999910008099,0.0
841,2.7482810722e-31,0.999910008099,0.0
842,1.35787636633e-30,0.99995700387,1.0
843,6.08507231643e-30,0.99995700387,1.0
844,9.97280768458e-30,0.999910008099,0.0
845,2.33702887253e-30,0.999910008099,0.0
846,8.71747973016e-30,0.999910008099,0.0
847,9.09268841933e-30,0.999910008099,0.0
848,1.10470815609e-29,0.999910008099,0.0
849,8.64154794381e-30,0.999910008099,0.0
850,9.55467166879e-30,0.999910008099,0.0
851,1.0,0.999910008099,0.0
852,9.24150962458e-30,0.999910008099,0.0
853,2.92363826474e-30,0.999910008099,0.0
854,5.57368719026e-30,0.999910008099,0.0
855,5.80967287738e-30,0.999910008099,0.0
856,8.842691045e-30,0.999910008099,0.0
857,9.34755898587e-30,0.999910008099,0.0
858,4.05023447158e-30,0.999910008099,0.0
859,5.50327477233e-30,0.999910008099,0.0
860,5.90188595794e-30,0.999910008099,0.0
861,4.31624286787e-30,0.999910008099,0.0
862,5.11098101354e-30,0.999910008099,0.0
863,4.66684327628e-30,0.999910008099,0.0
864,6.22172044545e-30,0.999910008099,0.0
865,9.1173694989e-30,0.999910008099,0.0
866,2.87852771893e-30,0.999910008099,0.0
867,1.79720183276e-30,0.999910008099,0.0
868,5.6724958123e-30,0.999910008099,0.0
869,5.4655765146e-30,0.999910008099,0.0
870,9.42666564491e-30,0.999910008099,0.0
871,5.79685408313e-30,0.999910008099,0.0
872,2.18008766676e-30,0.99995700387,1.0
873,5.93868913949e-30,0.999910008099,0.0
874,3.8256807241e-30,0.99995700387,1.0
875,1.07635299063e-29,0.999910008099,0.0
876,4.69697118559e-30,0.999910008099,0.0
877,3.92972631953e-30,0.999910008099,0.0
878,4.62718533931e-30,0.999910008099,0.0
879,2.30811780319e-30,0.999910008099,0.0
880,1.1730487757e-31,0.999910008099,0.0
881,1.06082416297e-29,0.999929006389,1.0
882,2.10092653055e-30,0.999910008099,0.0
883,5.7428085934e-30,0.999910008099,0.0
884,1.57070113778e-30,0.99995700387,1.0
885,8.93990592986e-30,0.999910008099,0.0
886,5.45021745682e-30,0.999910008099,0.0
887,4.71775069031e-30,0.999910008099,0.0
888,8.73751023224e-30,0.99995700387,1.0
889,8.62713397278e-30,0.999910008099,0.0
890,3.47683680448e-30,0.999910008099,0.0
891,4.55124901245e-30,0.999910008099,0.0
892,5.20525761664e-30,0.999914007739,1.0
893,8.84270182574e-30,0.999910008099,0.0
894,2.92122829828e-30,0.0,0.0
895,1.24865154705e-31,0.999910008099,0.0
896,9.07941890923e-30,0.999910008099,0.0
897,9.05921748206e-30,0.999910008099,0.0
898,7.7936030392e-30,0.999910008099,0.0
899,8.74083603822e-30,0.99995700387,1.0
900,2.89734084303e-30,0.999910008099,0.0
901,9.33210458344e-30,0.999910008099,0.0
902,5.11559680711e-30,0.99994300513,1.0
903,0.125752087486,0.999910008099,0.0
904,4.66608271546e-30,0.999910008099,0.0
905,9.05187093076e-30,0.999910008099,0.0
906,4.5916682404e-30,0.999910008099,0.0
907,9.3567441452e-30,0.0,0.0
908,8.87676822513e-30,0.999910008099,0.0
909,1.57112459287e-30,0.999914007739,1.0
910,2.66267793208e-31,0.999910008099,0.0
911,5.91403694947e-30,0.999914007739,1.0
912,1.05839137694e-29,0.999910008099,0.0
913,5.91403694651e-30,0.999914007739,1.0
914,9.03040200863e-30,0.999910008099,0.0
915,0.12575208757,0.999910008099,0.0
916,0.12575208757,0.999910008099,0.0
917,1.05856647067e-29,0.999910008099,0.0
918,1.05240031443e-29,0.999910008099,0.0
919,2.46981882752e-30,0.99995700387,1.0
920,6.00509881746e-30,0.999910008099,0.0
921,2.09262936173e-30,0.999910008099,0.0
922,9.81781106443e-30,0.999910008099,0.0
923,8.84081639081e-30,0.999910008099,0.0
924,1.10451860281e-29,0.999910008099,0.0
925,6.54055617309e-32,0.999910008099,0.0
926,1.07140493393e-29,0.0,0.0
927,5.73507817156e-30,0.999910008099,0.0
928,1.0765044767e-29,0.999910008099,0.0
929,8.61437785283e-30,0.999910008099,0.0
930,9.69269312846e-30,0.999910008099,0.0
931,4.04843091351e-30,0.999910008099,0.0
932,6.93353159261e-30,0.999910008099,0.0
933,1.87257010901e-30,0.999910008099,0.0
934,4.31723099184e-30,0.999910008099,0.0
935,5.27358599404e-30,0.999910008099,0.0
936,4.29359220894e-30,0.999910008099,0.0
937,1.07868132529e-29,0.999910008099,0.0
938,8.86422313215e-30,0.999910008099,0.0
939,9.32742292893e-30,0.999910008099,0.0
940,5.15038799018e-30,0.99995700387,1.0
941,5.73988357251e-30,0.999910008099,0.0
942,5.6070543197e-30,0.999910008099,0.0
943,9.17557467155e-30,0.999910008099,0.0
944,4.70033081182e-30,0.999910008099,0.0
945,4.06881326612e-30,0.0,0.0
946,9.08185736912e-30,0.999910008099,0.0
947,6.08128692938e-30,0.999910008099,0.0
948,1.0822487147e-29,0.999910008099,0.0
949,4.26245107282e-30,0.999910008099,0.0
950,5.5935221492e-30,0.999910008099,0.0
951,5.62797444403e-30,0.999910008099,0.0
952,6.36276594798e-30,0.999910008099,0.0
953,6.05867604123e-30,0.999910008099,0.0
954,4.72185196156e-30,0.999910008099,0.0
955,1.78649435457e-30,0.999910008099,0.0
956,7.34432183455e-31,0.99995700387,1.0
957,9.46477182662e-30,0.999910008099,0.0
958,4.63074209016e-30,0.999910008099,0.0
959,5.36612112513e-32,0.99995700387,1.0
960,5.6311720961e-30,0.999910008099,0.0
961,8.89767531916e-30,0.999910008099,0.0
962,4.69674933355e-30,0.999910008099,0.0
963,1.0261289205e-29,0.999910008099,0.0
964,1.0119959785e-29,0.999910008099,0.0
965,3.86611627539e-30,0.999910008099,0.0
966,8.82426438686e-30,0.99995700387,1.0
967,3.31634734947e-30,0.999910008099,0.0
968,5.54310825472e-30,0.999910008099,0.0
969,3.98320201754e-30,0.999910008099,0.0
970,2.29755243743e-30,0.999910008099,0.0
971,5.7428791722e-30,0.999910008099,0.0
972,6.2912442521e-30,0.999910008099,0.0
973,4.71873685737e-30,0.999910008099,0.0
974,1.05970432127e-29,0.999910008099,0.0
975,4.53685765525e-30,0.999910008099,0.0
976,4.34030792595e-30,0.999910008099,0.0
977,9.09439926365e-30,0.999910008099,0.0
978,6.12312175072e-30,0.999910008099,0.0
979,3.94516645602e-30,0.999910008099,0.0
980,6.02210096969e-30,0.999910008099,0.0
981,9.05376858307e-30,0.999910008099,0.0
982,1.06082416297e-29,0.999929006389,1.0
983,2.43307049264e-30,0.99995700387,1.0
984,9.35581670315e-30,0.999910008099,0.0
985,1.05034087596e-29,0.999910008099,0.0
986,2.74406215877e-31,0.999910008099,0.0
987,5.42265257858e-30,0.999910008099,0.0
988,4.57031778519e-30,0.99995700387,1.0
989,4.2712739083e-30,0.999910008099,0.0
990,5.36415152536e-30,0.999910008099,0.0
991,8.82928806007e-30,0.999910008099,0.0
992,7.24617366352e-31,0.999910008099,0.0
993,1.01105959321e-29,0.999910008099,0.0
994,1.05877898039e-29,0.999910008099,0.0
995,5.63028027158e-30,0.999910008099,0.0
996,1.10946317225e-29,0.999910008099,0.0
997,4.02056000065e-30,0.999910008099,0.0
998,9.37319499585e-30,0.999910008099,0.0
999,3.93871148389e-30,0.999910008099,0.0
1000,8.54774909265e-30,0.999910008099,0.0
1001,9.26541372834e-30,0.999910008099,0.0
1002,4.54031446183e-30,0.999910008099,0.0
1003,4.56083450165e-30,0.99995700387,1.0
1004,4.55085990378e-30,0.999910008099,0.0
1005,5.45466255882e-30,0.999910008099,0.0
1006,5.04452051505e-30,0.999910008099,0.0
1007,4.0161438207e-30,0.999910008099,0.0
1008,8.74567733457e-30,0.999910008099,0.0
1009,4.58496583747e-30,0.999910008099,0.0
1010,9.32461542903e-30,0.999910008099,0.0
1011,5.51159116142e-30,0.999910008099,0.0
1012,1.10246969589e-29,0.999910008099,0.0
1013,7.50044116792e-30,0.999910008099,0.0
1014,1.04152457662e-29,0.999910008099,0.0
1015,2.4456621849e-30,0.999910008099,0.0
1016,1.05779803254e-29,0.999910008099,0.0
1017,4.82595292687e-30,0.999910008099,0.0
1018,3.27942858611e-30,0.999910008099,0.0
1019,2.93520625098e-30,0.999910008099,0.0
1020,7.43895001032e-30,0.999910008099,0.0
1021,5.48557099121e-30,0.999910008099,0.0
1022,6.08717802782e-30,0.999910008099,0.0
1023,9.05213641124e-30,0.999910008099,0.0
1024,5.11978906873e-30,0.999914007739,1.0
1025,2.92684671824e-30,0.999910008099,0.0
1026,3.58806183645e-30,0.999910008099,0.0
1027,2.5233567121e-31,0.999910008099,0.0
1028,2.91924835822e-30,0.999910008099,0.0
1029,5.44145212551e-30,0.999910008099,0.0
1030,2.56317683902e-30,0.999910008099,0.0
1031,9.93515132304e-30,0.999910008099,0.0
1032,3.11962616298e-30,0.999910008099,0.0
1033,4.6274076525e-30,0.999910008099,0.0
1034,5.52817731374e-30,0.99995700387,1.0
1035,8.95721996675e-30,0.999910008099,0.0
1036,4.23358508926e-30,0.99995700387,1.0
1037,2.25472683758e-30,0.999910008099,0.0
1038,9.62735244035e-30,0.999910008099,0.0
1039,9.17839710545e-30,0.999910008099,0.0
1040,9.09175994563e-30,0.999910008099,0.0
1041,8.62528426179e-30,0.999910008099,0.0
1042,7.79366709399e-30,0.999910008099,0.0
1043,9.09303766559e-30,0.999910008099,0.0
1044,8.52275560816e-30,0.999910008099,0.0
1045,9.18109463118e-30,0.999910008099,0.0
1046,6.10258137323e-30,0.999910008099,0.0
1047,2.43973094617e-30,0.999910008099,0.0
1048,4.29751172705e-30,0.999910008099,0.0
1049,6.17852847787e-30,0.999910008099,0.0
1050,4.15578115841e-30,0.999910008099,0.0
1051,6.8554759565e-30,0.999910008099,0.0
1052,5.84203754007e-30,0.99995700387,1.0
1053,8.70455963481e-30,0.999910008099,0.0
1054,1.83011219826e-30,0.999910008099,0.0
1055,9.08610204754e-30,0.999910008099,0.0
1056,8.85301890936e-30,0.999910008099,0.0
1057,5.59744223191e-30,0.999910008099,0.0
1058,8.84119501731e-30,0.999910008099,0.0
1059,8.85017967028e-30,0.999910008099,0.0
1060,1.09444183683e-29,0.999910008099,0.0
1061,3.94318351557e-30,0.999910008099,0.0
1062,4.54028165552e-30,0.999914007739,1.0
1063,8.49823205685e-30,0.999910008099,0.0
1064,8.84144800254e-30,0.999910008099,0.0
1065,1.54224043547e-30,0.999910008099,0.0
1066,5.79403521128e-30,0.999910008099,0.0
1067,3.86276719342e-30,0.999910008099,0.0
1068,3.07163512928e-30,0.999910008099,0.0
1069,5.5518777718e-30,0.99995700387,1.0
1070,9.05305760714e-30,0.999910008099,0.0
1071,8.01228570961e-30,0.999910008099,0.0
1072,7.37649972176e-31,0.999910008099,0.0
1073,5.58325859089e-30,0.0,0.0
1074,9.03863625483e-30,0.99995700387,1.0
1075,6.43809084411e-30,0.999910008099,0.0
1076,9.05101462622e-30,0.999910008099,0.0
1077,5.02465012186e-30,0.999910008099,0.0
1078,3.46132325136e-30,0.999910008099,0.0
1079,9.12488681862e-30,0.999910008099,0.0
1080,1.09011879749e-31,0.99995700387,1.0
1081,7.48882105459e-30,0.999910008099,0.0
1082,4.5402158064e-30,0.999910008099,0.0
1083,8.38151259375e-30,0.999910008099,0.0
1084,3.0842392222e-30,0.999910008099,0.0
1085,6.48230172594e-30,0.999910008099,0.0
1086,1.56620371062e-30,0.999910008099,0.0
1087,1.05915193776e-29,0.999910008099,0.0
1088,4.5414992079e-30,0.999910008099,0.0
1089,9.47522710293e-32,0.999910008099,0.0
1090,8.68287397461e-30,0.999910008099,0.0
1091,5.11651878045e-30,0.999914007739,1.0
1092,4.6717340245e-30,0.999910008099,0.0
1093,5.58056206135e-30,0.99995700387,1.0
1094,1.06082416297e-29,0.999929006389,1.0
1095,9.31115144588e-30,0.99995700387,1.0
1096,8.7385629017e-30,0.999910008099,0.0
1097,7.33891334486e-31,0.999910008099,0.0
1098,6.66967595335e-31,0.999910008099,0.0
1099,3.9851573632e-30,0.999910008099,0.0
1100,5.92780760574e-30,0.999910008099,0.0
1101,2.17607267985e-30,0.999914007739,1.0
1102,5.60941211177e-30,0.999910008099,0.0
1103,5.62837591789e-30,0.999910008099,0.0
1104,4.53109924237e-30,0.999910008099,0.0
1105,4.53389188217e-30,0.999910008099,0.0
1106,3.35468039965e-30,0.999910008099,0.0
1107,5.83167505733e-30,0.999910008099,0.0
1108,4.1068632798e-30,0.999910008099,0.0
1109,3.83777658813e-30,0.999910008099,0.0
1110,5.61462781632e-30,0.999910008099,0.0
1111,5.92002630426e-30,0.999910008099,0.0
1112,3.62648256917e-30,0.999910008099,0.0
1113,8.8372192011e-30,0.999910008099,0.0
1114,1.0043081428e-29,0.999910008099,0.0
1115,3.01613353045e-30,0.999910008099,0.0
1116,5.62243829704e-30,0.999910008099,0.0
1117,8.52192073503e-30,0.999910008099,0.0
1118,3.90505910386e-30,0.999910008099,0.0
1119,8.5246802197e-30,0.999910008099,0.0
1120,1.08836443707e-31,0.999910008099,0.0
1121,5.11932973598e-30,0.99995700387,1.0
1122,1.07262955336e-29,0.999910008099,0.0
1123,1.95153685199e-30,0.999910008099,0.0
1124,8.86562375015e-30,0.999910008099,0.0
1125,9.46031698441e-30,0.999910008099,0.0
1126,8.93105633024e-30,0.999910008099,0.0
1127,1.10763499909e-29,0.999910008099,0.0
1128,5.73445168268e-30,0.999910008099,0.0
1129,6.17929024772e-30,0.999910008099,0.0
1130,5.95813334323e-30,0.999910008099,0.0
1131,9.05511428642e-30,0.999910008099,0.0
1132,8.87362492903e-30,0.0,0.0
1133,4.55672225161e-30,0.999910008099,0.0
1134,2.23298182864e-30,0.99994300513,1.0
1135,5.57634498955e-30,0.999910008099,0.0
1136,4.62020018662e-30,0.999910008099,0.0
1137,2.30045527606e-30,0.999910008099,0.0
1138,8.49152746348e-32,0.999910008099,0.0
1139,2.69317963474e-30,0.999910008099,0.0
1140,5.27501996819e-30,0.999910008099,0.0
1141,1.09441281368e-29,0.999910008099,0.0
1142,5.62104091e-30,0.999910008099,0.0
1143,5.60698241067e-30,0.999910008099,0.0
1144,4.56045909134e-30,0.999910008099,0.0
1145,1.07854506971e-29,0.999910008099,0.0
1146,4.31812643753e-30,0.999910008099,0.0
1147,8.76971671634e-30,0.999910008099,0.0
1148,1.05915157062e-29,0.999910008099,0.0
1149,4.7292564959e-30,0.99995700387,1.0
1150,4.72908241373e-30,0.999910008099,0.0
1151,1.07817011582e-29,0.999910008099,0.0
1152,7.64641936807e-30,0.999910008099,0.0
1153,4.23213733989e-30,0.999910008099,0.0
1154,2.92112583249e-30,0.999910008099,0.0
1155,5.75712779917e-30,0.999910008099,0.0
1156,4.67525112281e-30,0.999910008099,0.0
1157,1.62809347174e-30,0.999910008099,0.0
1158,5.81966966046e-30,0.999910008099,0.0
1159,4.72865753677e-30,0.999910008099,0.0
1160,5.48811797385e-30,0.999910008099,0.0
1161,5.81117477876e-30,0.999910008099,0.0
1162,6.10327753933e-30,0.99995700387,1.0
1163,8.85109178517e-30,0.999910008099,0.0
1164,3.6416063485e-30,0.999910008099,0.0
1165,9.12980119755e-30,0.999914007739,1.0
1166,7.49416244771e-30,0.999910008099,0.0
1167,4.6207477547e-30,0.99995700387,1.0
1168,5.51308972836e-30,0.999910008099,0.0
1169,3.53453630819e-30,0.999910008099,0.0
1170,5.3056165307e-30,0.999910008099,0.0
1171,5.71805940629e-30,0.99995700387,1.0
1172,1.08764835455e-29,0.999910008099,0.0
1173,4.17132667241e-30,0.999910008099,0.0
1174,1.09984229433e-29,0.999910008099,0.0
1175,5.59414951012e-30,0.999910008099,0.0
1176,4.71070313231e-30,0.999910008099,0.0
1177,5.04130987998e-30,0.999910008099,0.0
1178,3.07434648936e-30,0.999910008099,0.0
1179,9.1425946791e-30,0.999910008099,0.0
1180,4.38003949533e-30,0.0,0.0
1181,8.74988436169e-30,0.999910008099,0.0
1182,9.3736614793e-30,0.999929006389,1.0
1183,8.84509783961e-30,0.999910008099,0.0
1184,1.06082416297e-29,0.999929006389,1.0
1185,3.58420107883e-30,0.999910008099,0.0
1186,4.46246578516e-30,0.999910008099,0.0
1187,1.96723069499e-30,0.999910008099,0.0
1188,2.3371021443e-30,0.999910008099,0.0
1189,8.70091549405e-30,0.999910008099,0.0
1190,4.74835267719e-30,0.999910008099,0.0
1191,3.59828684778e-30,0.999910008099,0.0
1192,9.33293543634e-30,0.999910008099,0.0
1193,5.61939947685e-30,0.999910008099,0.0
1194,5.59346405086e-30,0.999910008099,0.0
1195,8.98462171501e-30,0.999910008099,0.0
1196,3.82875044691e-30,0.999910008099,0.0
1197,8.85295187486e-30,0.999910008099,0.0
1198,5.1117218013e-30,0.999910008099,0.0
1199,6.92604465228e-30,0.999910008099,0.0
1200,3.65054617287e-30,0.999910008099,0.0
1201,9.3418425076e-30,0.999910008099,0.0
1202,9.5296652486e-32,0.999910008099,0.0
1203,7.79829875568e-30,0.999910008099,0.0
1204,4.09284383589e-30,0.999910008099,0.0
1205,4.74801535862e-30,0.999910008099,0.0
1206,5.61833330707e-30,0.999910008099,0.0
1207,4.15573330577e-30,0.999910008099,0.0
1208,1.0998899158e-29,0.999910008099,0.0
1209,1.00958254606e-29,0.999910008099,0.0
1210,5.63494465681e-30,0.999910008099,0.0
1211,3.50621822675e-30,0.999910008099,0.0
1212,4.60560288096e-30,0.999910008099,0.0
1213,5.58805116256e-30,0.999910008099,0.0
1214,9.74772404624e-30,0.999910008099,0.0
1215,1.05915157092e-29,0.999910008099,0.0
1216,8.62631401591e-30,0.999910008099,0.0
1217,6.14494417287e-30,0.99995700387,1.0
1218,3.03524942568e-30,0.999910008099,0.0
1219,1.04833018819e-29,0.999910008099,0.0
1220,0.125752087486,0.999910008099,0.0
1221,2.94402503075e-30,0.99995700387,1.0
1222,9.09167798305e-30,0.999910008099,0.0
1223,6.17334445633e-30,0.999910008099,0.0
1224,3.6090030818e-30,0.999910008099,0.0
1225,2.0648770429e-30,0.999910008099,0.0
1226,5.80434517376e-30,0.999910008099,0.0
1227,8.86574171455e-30,0.999910008099,0.0
1228,1.10773682933e-29,0.999910008099,0.0
1229,5.61823059889e-30,0.999910008099,0.0
1230,3.91310726926e-30,0.999910008099,0.0
1231,6.49702994352e-30,0.999910008099,0.0
1232,9.0825627049e-30,0.999910008099,0.0
1233,5.81974344067e-30,0.999910008099,0.0
1234,8.84062393971e-30,0.999910008099,0.0
1235,5.55571898102e-30,0.99995700387,1.0
1236,8.38432016164e-32,0.999910008099,0.0
1237,1.05607701939e-29,0.999910008099,0.0
1238,4.5441592804e-30,0.999910008099,0.0
1239,5.45466425264e-30,0.999910008099,0.0
1240,9.78752690093e-30,0.999910008099,0.0
1241,4.74257965547e-30,0.99995700387,1.0
1242,2.29079563715e-30,0.99995700387,1.0
1243,8.62105427202e-30,0.999910008099,0.0
1244,1.10033638617e-29,0.999910008099,0.0
1245,5.42344367547e-30,0.99995700387,1.0
1246,4.46014231291e-30,0.999910008099,0.0
1247,9.18336043372e-30,0.999910008099,0.0
1248,4.53353869845e-30,0.99995700387,1.0
1249,4.12531458849e-30,0.999910008099,0.0
1250,8.86141308413e-30,0.999910008099,0.0
1251,2.05014702508e-30,0.999910008099,0.0
1252,8.8411952804e-30,0.999910008099,0.0
1253,4.24281070222e-30,0.999910008099,0.0
1254,5.95848735464e-30,0.999910008099,0.0
1255,5.72178210129e-30,0.999910008099,0.0
1256,5.5732676549e-30,0.999910008099,0.0
1257,4.72230748691e-30,0.999910008099,0.0
1258,1.85683325243e-30,0.999910008099,0.0
1259,6.19110708367e-30,0.999910008099,0.0
1260,5.9575493713e-30,0.999910008099,0.0
1261,3.91973418042e-30,0.999910008099,0.0
1262,8.71821916405e-30,0.999910008099,0.0
1263,1.09610812598e-29,0.999910008099,0.0
1264,4.43470406311e-30,0.0,0.0
1265,6.22192973129e-30,0.999910008099,0.0
1266,9.18643803738e-30,0.999910008099,0.0
1267,4.64647980105e-30,0.999910008099,0.0
1268,1.04184466138e-29,0.99995700387,1.0
1269,1.06082359186e-29,0.99995700387,1.0
1270,3.79295026716e-30,0.999910008099,0.0
1271,4.52553148626e-30,0.999910008099,0.0
1272,5.70737799461e-30,0.999910008099,0.0
1273,1.05973162222e-29,0.999910008099,0.0
1274,8.89875121436e-30,0.999910008099,0.0
1275,8.75092504434e-30,0.999910008099,0.0
1276,2.88316616773e-30,0.999910008099,0.0
1277,4.44344197996e-30,0.999910008099,0.0
1278,8.83450200873e-30,0.999910008099,0.0
1279,6.64186345216e-30,0.999910008099,0.0
1280,5.44483095723e-30,0.0,0.0
1281,1.08781811349e-29,0.999910008099,0.0
1282,5.55217004007e-30,0.999910008099,0.0
1283,4.63344981724e-30,0.999910008099,0.0
1284,3.04704903964e-30,0.999910008099,0.0
1285,1.06082416297e-29,0.999929006389,1.0
1286,2.04310229012e-30,0.999910008099,0.0
1287,5.6990508573e-30,0.999910008099,0.0
1288,8.58616058474e-30,0.999910008099,0.0
1289,4.75922194921e-30,0.999910008099,0.0
1290,5.73013289593e-30,0.999910008099,0.0
1291,3.02336641841e-30,0.999910008099,0.0
1292,4.5401168938e-30,0.999910008099,0.0
1293,4.66436334883e-30,0.999910008099,0.0
1294,9.80037655937e-30,0.99995700387,1.0
1295,4.40903587646e-30,0.999910008099,0.0
1296,8.87041187591e-30,0.999910008099,0.0
1297,8.68485440537e-30,0.999910008099,0.0
1298,2.28890140795e-30,0.999910008099,0.0
1299,9.33588247097e-30,0.999910008099,0.0
1300,6.51495733848e-30,0.999910008099,0.0
1301,2.45920988948e-30,0.999910008099,0.0
1302,9.3515061904e-30,0.999910008099,0.0
1303,1.87232505192e-30,0.999910008099,0.0
1304,1.04872150977e-29,0.0,0.0
1305,6.9310959321e-30,0.99995700387,1.0
1306,9.37105179279e-30,0.999910008099,0.0
1307,2.31364285019e-30,0.999910008099,1.0
1308,1.09265510966e-29,0.999910008099,0.0
1309,6.16820876336e-30,0.999910008099,0.0
1310,9.35572473137e-30,0.999910008099,1.0
1311,5.44361965395e-30,0.999910008099,0.0
1312,6.11876761544e-30,0.999910008099,0.0
1313,4.13619798455e-30,0.999910008099,0.0
1314,1.10361162112e-29,0.999910008099,0.0
1315,1.08892633967e-29,0.999910008099,0.0
1316,1.03926651776e-29,0.999910008099,0.0
1317,4.75433866799e-30,0.999910008099,0.0
1318,1.86356960567e-30,0.0,0.0
1319,5.25616873757e-30,0.999910008099,0.0
1320,4.16357251049e-30,0.999910008099,0.0
1321,4.89747012068e-30,0.999910008099,0.0
1322,7.35686804787e-31,0.999910008099,0.0
1323,5.74503569525e-30,0.999910008099,0.0
1324,1.57112376813e-30,0.0,0.0
1325,2.439535069e-30,0.999910008099,0.0
1326,4.06457971134e-30,0.999910008099,0.0
1327,4.48528088065e-30,0.999910008099,0.0
1328,2.88043583864e-30,0.999910008099,0.0
1329,9.32494080808e-30,0.999910008099,0.0
1330,6.22422944867e-30,0.999910008099,0.0
1331,4.17724227656e-30,0.999910008099,0.0
1332,4.19632845159e-30,0.999910008099,0.0
1333,1.10628576858e-29,0.999910008099,0.0
1334,3.87437362908e-30,0.999910008099,0.0
1335,1.36910543182e-30,0.999910008099,0.0
1336,3.36424775344e-30,0.999910008099,1.0
1337,5.52339342401e-30,0.999910008099,0.0
1338,4.55464769705e-30,0.99995700387,1.0
1339,1.09302084479e-29,0.999910008099,0.0
1340,1.5724749254e-30,0.999910008099,0.0
1341,3.11773456764e-30,0.999910008099,0.0
1342,4.30114404357e-30,0.999910008099,0.0
1343,6.83184653247e-30,0.999910008099,0.0
1344,9.35539909218e-30,0.999910008099,0.0
1345,9.57972028669e-30,0.99994300513,1.0
1346,2.71001513338e-30,0.999910008099,0.0
1347,7.98126876039e-30,0.999914007739,1.0
1348,1.09102222749e-31,0.999910008099,0.0
1349,1.86563415397e-30,0.999910008099,0.0
1350,9.34709164516e-30,0.999910008099,0.0
1351,6.02876018463e-30,0.999910008099,0.0
1352,6.17190248014e-30,0.999910008099,0.0
1353,2.93792038383e-30,0.999910008099,0.0
1354,5.91779373371e-30,0.999910008099,0.0
1355,2.1793461252e-30,0.99995700387,1.0
1356,4.31666759407e-30,0.999910008099,0.0
1357,4.43998100534e-30,0.0,0.0
1358,3.28762225157e-30,0.999910008099,0.0
1359,4.7319057847e-30,0.999910008099,0.0
1360,8.83639726072e-30,0.99995700387,1.0
1361,5.95436273942e-30,0.999910008099,0.0
1362,1.04494231064e-29,0.999910008099,0.0
1363,9.7119449343e-30,0.999910008099,0.0
1364,3.98485217697e-30,0.999910008099,0.0
1365,5.11925049593e-30,0.999914007739,1.0
1366,5.15583677388e-30,0.999914007739,1.0
1367,2.9839523029e-30,0.999910008099,0.0
1368,8.77018079356e-30,0.999910008099,0.0
1369,9.32742392808e-30,0.999910008099,0.0
1370,7.02827227294e-31,0.999910008099,0.0
1371,3.87346504373e-30,0.999910008099,0.0
1372,5.04262383824e-30,0.999910008099,0.0
1373,5.93128317442e-30,0.99995700387,1.0
1374,9.31078494512e-30,0.99994300513,1.0
1375,2.12834078884e-30,0.999910008099,0.0
1376,5.92477472132e-30,0.999910008099,0.0
1377,3.83698304658e-30,0.999910008099,0.0
1378,9.79877113689e-30,0.999910008099,0.0
1379,2.96619289766e-31,0.99995700387,1.0
1380,5.24365943356e-30,0.999910008099,0.0
1381,4.70012900184e-30,0.999914007739,1.0
1382,4.40476782155e-30,0.999910008099,0.0
1383,2.45949495975e-30,0.999910008099,0.0
1384,3.83197358905e-30,0.999910008099,0.0
1385,1.10627773934e-29,0.999910008099,0.0
1386,1.06082416297e-29,0.999929006389,1.0
1387,4.17729033908e-30,0.999910008099,0.0
1388,0.12575208757,0.999910008099,0.0
1389,0.125752087486,0.999910008099,0.0
1390,2.29558076546e-30,0.999910008099,0.0
1391,2.87661964357e-30,0.999910008099,0.0
1392,1.10250901617e-29,0.999910008099,0.0
1393,6.13929303823e-30,0.999910008099,0.0
1394,3.07773861447e-30,0.999910008099,0.0
1395,9.06900104773e-30,0.999910008099,0.0
1396,9.49711186831e-30,0.999910008099,0.0
1397,6.26067366741e-30,0.999910008099,0.0
1398,8.8510672765e-30,0.999910008099,0.0
1399,1.95596828223e-30,0.999910008099,0.0
1400,3.00288257256e-30,0.999910008099,0.0
1401,2.09968125331e-30,0.999910008099,0.0
1402,1.05805637208e-29,1.0,1.0
1403,1.87822552402e-30,0.0,0.0
1404,9.06109207121e-30,0.999910008099,0.0
1405,1.09471198285e-29,0.999910008099,0.0
1406,1.83615534442e-30,0.999914007739,1.0
1407,9.04741921015e-30,0.999910008099,0.0
1408,3.21896927847e-30,0.999910008099,0.0
1409,2.04314145491e-30,0.999910008099,0.0
1410,4.72289809814e-30,0.999910008099,0.0
1411,3.65535628282e-30,0.999910008099,0.0
1412,5.29604894338e-30,0.999914007739,1.0
1413,5.58558198628e-30,0.999910008099,0.0
1414,1.1983974422e-30,0.999910008099,0.0
1415,6.6836430987e-30,0.999910008099,0.0
1416,5.65192102041e-30,0.999910008099,0.0
1417,9.09176393631e-30,0.999910008099,0.0
1418,4.16287607244e-30,0.999910008099,0.0
1419,1.37934731041e-30,0.999910008099,0.0
1420,4.67713731449e-30,0.999910008099,0.0
1421,6.02405915908e-30,0.999910008099,0.0
1422,2.28861823252e-30,0.999910008099,0.0
1423,4.24264834673e-30,0.99995700387,1.0
1424,9.7878704952e-30,0.999910008099,0.0
1425,3.49359479827e-30,0.999910008099,0.0
1426,9.07894079665e-30,0.999910008099,0.0
1427,5.91560443982e-32,0.999910008099,0.0
1428,5.90522616583e-30,0.999910008099,0.0
1429,5.88501313909e-30,0.999910008099,0.0
1430,3.98830460268e-30,0.999910008099,0.0
1431,4.09608690776e-30,0.999929006389,1.0
1432,8.83453180578e-30,0.0,0.0
1433,5.45464251972e-30,0.999910008099,0.0
1434,6.20423545094e-30,0.99995700387,1.0
1435,6.14148715049e-30,0.999910008099,0.0
1436,4.166391001e-30,0.999910008099,0.0
1437,1.02085145683e-29,0.999910008099,0.0
1438,8.8551954656e-30,0.99995700387,1.0
1439,1.34783544342e-30,0.999910008099,0.0
1440,6.1220049703e-30,0.999910008099,0.0
1441,1.0,0.999910008099,0.0
1442,9.17839704929e-30,0.999910008099,0.0
1443,5.83775223953e-30,0.999910008099,0.0
1444,4.01267771141e-30,0.999910008099,0.0
1445,9.05233934157e-30,0.999910008099,0.0
1446,8.33197172031e-30,0.999910008099,0.0
1447,4.62905965059e-30,0.999910008099,0.0
1448,2.29200546831e-30,0.999910008099,0.0
1449,1.10982700752e-29,0.999910008099,0.0
1450,5.82021652796e-30,0.999910008099,0.0
1451,8.94917956987e-30,0.0,0.0
1452,6.00475442505e-30,0.999910008099,0.0
1453,0.12575208757,0.999910008099,0.0
1454,8.87314317459e-30,0.0,0.0
1455,1.84422999312e-30,0.99995700387,1.0
1456,6.2171272391e-30,0.999910008099,0.0
1457,6.58384259554e-32,0.999910008099,0.0
1458,0.12575208757,0.999910008099,0.0
1459,4.21811731068e-30,0.999910008099,0.0
1460,1.21619951811e-30,0.999910008099,0.0
1461,5.83797173263e-30,0.999910008099,0.0
1462,3.02506597355e-30,0.999910008099,0.0
1463,8.70949480073e-30,0.99995700387,1.0
1464,0.125759762551,0.0,0.0
1465,5.27265915503e-30,0.999910008099,0.0
1466,4.02672833284e-30,0.999910008099,0.0
1467,1.10058140039e-29,0.999910008099,0.0
1468,5.45192860856e-30,0.999910008099,0.0
1469,5.14888095709e-30,0.999914007739,1.0
1470,4.66645997921e-30,0.999914007739,1.0
1471,1.95914154387e-30,0.999910008099,0.0
1472,5.02586610458e-30,0.0,0.0
1473,5.41830590143e-30,0.999910008099,0.0
1474,5.68003510144e-30,0.999910008099,0.0
1475,5.56736345818e-30,0.999910008099,0.0
1476,5.69942821565e-30,0.999910008099,0.0
1477,5.5077519771e-30,0.999910008099,0.0
1478,4.73212784366e-30,0.999910008099,0.0
1479,3.8754109507e-30,0.999910008099,0.0
1480,2.43665597341e-30,0.999910008099,0.0
1481,5.80928250352e-30,0.999910008099,0.0
1482,9.11459746872e-30,0.999910008099,0.0
1483,8.84503479875e-30,0.99995700387,1.0
1484,1.10061561142e-29,0.999910008099,0.0
1485,6.09484409335e-30,0.999910008099,0.0
1486,1.35789871708e-30,0.99995700387,1.0
1487,1.06082416297e-29,0.999929006389,1.0
1488,9.0808135767e-30,0.999910008099,0.0
1489,5.83782149402e-30,0.999910008099,0.0
1490,1.09268500692e-29,0.999910008099,0.0
1491,5.1502294746e-30,0.999910008099,0.0
1492,6.13911884669e-30,0.999910008099,0.0
1493,3.02336184835e-30,0.999910008099,0.0
1494,5.56228526641e-30,0.999910008099,0.0
1495,6.13751683846e-30,0.999910008099,0.0
1496,4.08016022505e-30,0.999910008099,0.0
1497,8.52397642107e-30,0.999910008099,0.0
1498,1.05034465528e-29,0.999910008099,0.0
1499,5.55662261203e-30,0.999910008099,0.0
