0,1,2
7.0675531649e-30,0.999910008099,0.0
1.72686867557e-30,0.999910008099,0.0
6.17190749065e-30,0.999910008099,0.0
1.05970434491e-29,0.999910008099,0.0
4.72060728144e-30,0.999910008099,0.0
1.04579005799e-29,0.999910008099,0.0
7.38863160829e-30,0.999910008099,0.0
9.55467166288e-30,0.999910008099,0.0
1.84458115194e-30,0.99995700387,1.0
5.72803249657e-30,0.0,0.0
2.27860550152e-30,0.999910008099,0.0
5.14689681944e-30,0.99998600126,1.0
2.07448515184e-30,0.0,0.0
9.55467164514e-30,0.999910008099,0.0
1.05828125556e-29,0.999910008099,0.0
2.9442061572e-30,0.999910008099,0.0
5.48860821513e-30,0.999910008099,0.0
6.00407002111e-30,0.999910008099,0.0
4.42630826547e-30,0.99995700387,1.0
3.96831039506e-30,0.999910008099,0.0
2.0509469665e-30,0.999910008099,0.0
1.86250711914e-30,0.99995700387,1.0
5.11559390722e-30,0.99994300513,1.0
5.66053264565e-30,0.999910008099,0.0
5.84104909685e-30,0.99995700387,1.0
5.57780782368e-30,0.999910008099,0.0
2.84726772866e-31,0.999910008099,0.0
2.84726772866e-31,0.999910008099,0.0
5.81827559603e-30,0.99995700387,1.0
5.19798200479e-30,0.999910008099,0.0
5.74075415481e-30,0.999910008099,0.0
4.12497628555e-30,0.999910008099,0.0
8.70539344967e-30,0.999910008099,0.0
2.94371235091e-30,0.99995700387,1.0
4.10138670621e-30,0.999910008099,0.0
5.15200957341e-30,0.999910008099,0.0
6.22095360596e-30,0.999910008099,0.0
6.26728274172e-30,0.999910008099,0.0
2.49238548124e-30,0.999910008099,0.0
2.93695342523e-30,0.999929006389,1.0
2.08189944117e-30,0.999910008099,0.0
8.9640635332e-30,0.999910008099,0.0
8.33061188702e-30,0.999910008099,0.0
9.17919602111e-30,0.999910008099,0.0
4.70893598694e-30,0.99995700387,1.0
5.089207455e-30,0.999910008099,0.0
5.58805094085e-30,0.999910008099,0.0
8.90824266844e-30,0.999910008099,0.0
3.02345426946e-30,0.999910008099,0.0
1.06082416297e-29,0.999929006389,1.0
0.12575208757,0.999910008099,0.0
8.96923687451e-30,0.999910008099,0.0
1.34006209669e-30,0.999910008099,0.0
4.73845077466e-30,0.999910008099,0.0
2.71155248969e-30,0.999910008099,0.0
2.05362632726e-30,0.999910008099,0.0
2.43658495415e-30,0.999910008099,0.0
5.86528819867e-30,0.999914007739,1.0
9.32911714247e-30,0.999910008099,0.0
1.04253147923e-29,0.999910008099,0.0
2.06526117062e-30,0.999910008099,0.0
5.35356799167e-30,0.999910008099,0.0
3.01066352522e-30,0.999910008099,0.0
1.0876215848e-29,0.999910008099,0.0
1.06082416297e-29,0.999929006389,1.0
1.10229474346e-29,0.999910008099,0.0
4.06888845637e-30,0.999910008099,0.0
5.42405028487e-30,0.999910008099,0.0
4.64247611218e-30,0.999910008099,0.0
6.01533355421e-30,0.999910008099,0.0
9.83608073231e-30,0.999910008099,0.0
1.53930623604e-30,0.999910008099,0.0
5.69997543492e-30,0.0,0.0
9.09288246671e-30,0.99995700387,1.0
4.08657117854e-30,0.999910008099,0.0
9.43436274608e-30,0.999910008099,0.0
3.8451302517e-30,0.999910008099,0.0
1.06082416297e-29,0.999929006389,1.0
5.25170032706e-30,0.999910008099,0.0
1.05915130399e-29,0.999910008099,0.0
0.141530695595,0.999910008099,0.0
3.47691904493e-30,0.999910008099,0.0
4.06287142106e-30,0.999910008099,0.0
0.125752087486,0.999910008099,0.0
1.35781879122e-30,0.999910008099,0.0
5.94747279835e-30,0.999910008099,0.0
3.93733872376e-30,0.999910008099,0.0
5.12596094228e-30,0.999914007739,1.0
1.06082416297e-29,0.999929006389,1.0
5.11869874206e-30,0.99995700387,1.0
9.56644340714e-30,0.999910008099,0.0
3.78678479938e-30,0.999910008099,0.0
7.1681893748e-30,0.999910008099,0.0
3.20895363576e-30,0.999910008099,0.0
2.53513095126e-31,0.999910008099,0.0
8.54805686838e-30,0.999910008099,0.0
5.95552445485e-30,0.999910008099,0.0
2.985364485e-30,0.999910008099,0.0
3.06933011761e-30,0.99995700387,1.0
1.36769822476e-30,0.99995700387,1.0
5.43832515571e-30,0.999910008099,0.0
1.00477400785e-29,0.99994300513,1.0
2.1813496132e-30,0.999914007739,1.0
9.57365343887e-30,0.999910008099,0.0
1.06082416297e-29,0.999929006389,1.0
1.3424933172e-30,0.999910008099,0.0
1.79020233432e-30,0.999910008099,0.0
4.1327412696e-30,0.999910008099,0.0
2.44302252398e-30,0.999910008099,0.0
5.59534237352e-30,0.999910008099,0.0
9.204739743e-30,0.999910008099,0.0
1.10417662491e-29,0.999910008099,0.0
5.27041008673e-30,0.999910008099,0.0
3.06095902373e-30,0.999910008099,0.0
9.73099454883e-30,0.999910008099,0.0
1.09385405248e-29,0.999910008099,0.0
4.58435356426e-30,0.999910008099,0.0
1.06082416297e-29,0.999929006389,1.0
8.66701868954e-30,0.999910008099,0.0
6.22083797094e-30,0.999910008099,0.0
2.93746026181e-30,0.999910008099,0.0
5.59303181037e-30,0.999910008099,0.0
9.81758351902e-30,0.99995700387,1.0
2.10083059469e-30,0.999910008099,0.0
5.59382881641e-30,0.999910008099,0.0
8.42778773419e-30,0.99998600126,1.0
2.05275471034e-30,0.999910008099,0.0
3.77139253918e-30,0.999910008099,0.0
7.46003238373e-30,0.999910008099,0.0
8.77747617256e-30,0.999910008099,0.0
9.71019430738e-30,0.999910008099,0.0
9.81602892299e-30,0.99995700387,1.0
0.125752087486,0.999910008099,0.0
9.81602892299e-30,0.99995700387,1.0
0.125752087486,0.999910008099,0.0
6.21238075235e-30,0.999910008099,0.0
5.59349531116e-30,0.999910008099,0.0
3.8393718063e-30,0.999910008099,0.0
4.99475765654e-32,0.99995700387,1.0
3.86346451829e-30,0.999910008099,0.0
4.45489268465e-30,0.99995700387,1.0
2.34150861951e-30,0.999910008099,0.0
9.08928936818e-30,0.999910008099,0.0
5.66296968368e-30,0.999910008099,0.0
2.44444783984e-30,0.999910008099,0.0
5.15611053427e-30,0.999914007739,1.0
9.36974916214e-30,0.999910008099,0.0
7.14392425968e-30,0.999910008099,0.0
1.18085421338e-31,0.999910008099,0.0
1.22857629028e-30,0.999910008099,0.0
5.22776622228e-30,0.99995700387,1.0
5.29712609195e-30,0.999910008099,0.0
9.32202046072e-30,0.999910008099,0.0
5.42075108931e-30,0.999910008099,0.0
5.61433092774e-30,0.999910008099,0.0
9.55467165697e-30,0.999910008099,0.0
9.36740590501e-30,0.999910008099,0.0
4.70252917489e-30,0.999910008099,0.0
3.06961871149e-30,0.999910008099,0.0
9.08089891214e-30,0.999910008099,0.0
1.08019401302e-29,0.999910008099,0.0
3.89803733746e-30,0.999910008099,0.0
2.97876018472e-30,0.999910008099,0.0
2.0644492897e-30,0.999910008099,0.0
7.07492961966e-30,0.999910008099,0.0
8.95688990234e-30,0.999910008099,0.0
5.29223637244e-30,0.999910008099,0.0
3.0106448459e-30,0.999910008099,0.0
1.80256543473e-30,0.999910008099,0.0
1.08879294702e-31,0.99995700387,1.0
2.99927807252e-30,0.999910008099,0.0
5.92937858129e-30,0.999910008099,0.0
4.53661243263e-30,0.999910008099,1.0
6.06268484703e-30,0.999910008099,0.0
2.92603001303e-30,0.99995700387,1.0
9.32886863567e-30,0.999910008099,0.0
5.64165951656e-30,0.99995700387,1.0
5.27720266416e-30,0.999910008099,0.0
8.48930433161e-30,0.999910008099,0.0
2.71708171951e-30,0.999910008099,0.0
5.41841197952e-30,0.999910008099,0.0
5.14629817069e-30,1.0,1.0
4.63158178462e-30,0.999910008099,0.0
1.01091890265e-29,0.999910008099,0.0
1.08071992711e-29,0.999910008099,0.0
3.48662313998e-30,0.999910008099,0.0
1.03870291721e-29,0.999910008099,0.0
3.98973448269e-30,0.999910008099,0.0
1.22775998414e-30,0.999910008099,0.0
4.29149218795e-30,0.999910008099,0.0
6.23135877119e-30,0.999910008099,0.0
8.50013533453e-30,0.999910008099,0.0
4.73504074471e-30,0.0,0.0
6.08176271555e-30,0.99995700387,1.0
8.57275295289e-30,0.999910008099,0.0
5.52091501892e-30,0.999910008099,0.0
5.75767117261e-30,0.999910008099,0.0
6.08777477582e-30,0.999910008099,0.0
1.87571656513e-30,0.0,0.0
5.66174129439e-30,0.999910008099,0.0
2.05561984152e-30,0.999910008099,0.0
3.00815781209e-30,0.999910008099,0.0
1.10770726462e-29,0.999910008099,0.0
9.86922743158e-30,0.999910008099,0.0
5.75828991072e-30,0.999910008099,0.0
5.21277212515e-30,0.999910008099,0.0
4.40478838684e-30,0.999910008099,0.0
1.94327571159e-30,0.99995700387,1.0
2.95475728364e-30,0.999910008099,0.0
5.57365602456e-30,0.999910008099,0.0
5.57623132622e-30,0.999910008099,0.0
1.0874623843e-29,0.999910008099,0.0
2.17969728993e-30,0.99995700387,1.0
5.35356797689e-30,0.999910008099,0.0
5.67167440105e-30,0.999910008099,0.0
3.38843073452e-30,0.999910008099,0.0
1.83025444074e-30,0.999910008099,0.0
5.74586315755e-30,0.999910008099,0.0
8.73480802411e-30,0.999910008099,0.0
4.22745489611e-30,0.999910008099,0.0
1.08106239394e-29,0.999910008099,0.0
5.25119188238e-30,0.999910008099,0.0
2.91061777579e-30,0.999910008099,0.0
1.16002178934e-31,0.999910008099,0.0
5.859326483e-30,0.999910008099,0.0
5.80846335956e-30,0.999910008099,0.0
5.88738792257e-30,0.999910008099,0.0
2.91127132442e-30,0.999910008099,0.0
8.65451275543e-30,0.0,0.0
3.85307529802e-30,0.999910008099,0.0
5.87929313129e-30,0.999910008099,0.0
9.10584892781e-30,0.999910008099,0.0
1.07417797656e-29,0.999910008099,0.0
2.5526818274e-31,0.999910008099,0.0
6.29848864208e-30,0.999910008099,0.0
5.55168765894e-30,0.999910008099,0.0
5.47139822847e-30,0.999910008099,0.0
9.45803696619e-30,0.999910008099,0.0
5.26571176301e-30,0.999910008099,0.0
1.05900144434e-29,0.999910008099,0.0
5.91850191321e-30,0.999910008099,0.0
1.05900143458e-29,0.999910008099,0.0
5.81888895411e-30,0.999910008099,0.0
8.68066698577e-30,0.999910008099,0.0
8.58668550352e-30,0.999910008099,0.0
8.08818035016e-32,0.999910008099,0.0
5.98022181638e-30,0.999910008099,0.0
3.77070497225e-30,0.999910008099,0.0
5.12114259085e-30,0.999929006389,1.0
2.91850753499e-30,0.999910008099,0.0
4.21031533158e-30,0.999910008099,0.0
2.30388124506e-30,0.999910008099,0.0
5.65876945253e-30,0.999910008099,0.0
1.34451437895e-30,0.999910008099,0.0
5.74770569418e-30,0.999910008099,0.0
1.83099471415e-30,0.999910008099,0.0
1.18871897025e-30,0.999910008099,0.0
1.05629397887e-29,0.999910008099,0.0
5.26700301579e-30,0.0,0.0
2.50443531947e-31,0.999910008099,0.0
9.75783647911e-30,0.999910008099,0.0
2.45886623018e-30,0.999910008099,0.0
8.97492317143e-30,0.999910008099,0.0
5.84123778193e-30,0.99995700387,1.0
5.15736440181e-30,0.99994300513,1.0
5.4599655173e-30,0.999910008099,0.0
6.17855717822e-30,0.999910008099,0.0
8.23254429218e-30,0.99995700387,1.0
4.28443005068e-30,0.999910008099,0.0
9.34845720729e-30,0.999910008099,0.0
9.52200218051e-30,0.999910008099,0.0
2.25591670354e-30,0.99995700387,1.0
7.20797887107e-31,0.999910008099,0.0
8.62629479563e-30,0.999910008099,0.0
5.15309706226e-30,1.0,1.0
2.47026997791e-30,0.99995700387,1.0
3.38040754189e-30,0.999910008099,0.0
6.03141428885e-30,0.999910008099,0.0
5.80759885788e-30,0.999910008099,0.0
5.87032978262e-30,0.999910008099,0.0
2.07003534084e-30,0.999910008099,0.0
9.54936271248e-30,0.999910008099,0.0
1.36256569773e-30,0.999910008099,0.0
1.8302209634e-30,0.999910008099,0.0
7.88542072059e-30,0.999910008099,0.0
9.21382830727e-30,0.999910008099,0.0
6.21449967732e-30,0.999910008099,0.0
2.98563523317e-30,0.999910008099,0.0
3.09472552232e-30,0.999910008099,0.0
4.63619386539e-30,0.999910008099,0.0
5.15035110746e-30,0.99995700387,1.0
3.87663205627e-30,0.999910008099,0.0
4.16495905471e-30,0.999910008099,0.0
9.50916284758e-30,0.999910008099,0.0
4.16054268557e-30,0.999910008099,0.0
5.96809570302e-30,0.999910008099,0.0
5.81433187077e-30,0.999910008099,0.0
4.77241934632e-30,0.999910008099,0.0
5.74692950468e-30,0.999910008099,0.0
1.0,0.999910008099,0.0
1.0,0.999910008099,0.0
8.83181280134e-30,0.999910008099,0.0
7.33355360054e-31,0.999910008099,0.0
1.57913291654e-30,0.999910008099,0.0
2.95580094895e-30,0.999910008099,0.0
6.09558137818e-30,0.999910008099,0.0
5.72023749377e-30,0.999910008099,0.0
3.02245369162e-30,0.999910008099,0.0
5.79684206971e-30,0.999910008099,0.0
9.05518869627e-30,0.0,0.0
0.125752087513,0.999910008099,0.0
6.12163548097e-30,0.999910008099,0.0
5.74259369991e-30,0.999910008099,0.0
5.55388208159e-30,0.999910008099,0.0
5.74468450982e-30,0.999910008099,0.0
1.0,0.999910008099,0.0
8.68771461471e-30,0.999910008099,0.0
0.12575208757,0.999910008099,0.0
5.1532846477e-30,0.999910008099,0.0
1.09338571055e-29,0.999910008099,0.0
0.12575208757,0.999910008099,0.0
0.125752087486,0.999910008099,0.0
1.08435145643e-29,0.999910008099,0.0
3.04051474173e-30,0.999910008099,0.0
6.1655943442e-30,0.999910008099,0.0
9.59931353479e-30,0.999910008099,0.0
5.35356800645e-30,0.999910008099,0.0
3.75020344327e-30,0.999910008099,0.0
5.8193126043e-30,0.999910008099,0.0
5.44482989009e-30,0.999910008099,0.0
1.07144910008e-29,0.999910008099,0.0
1.09369156515e-29,0.999910008099,0.0
1.00994296562e-29,0.99995700387,1.0
5.66113003216e-30,0.999910008099,0.0
6.13959363075e-30,0.999910008099,0.0
1.10992582643e-29,0.999910008099,0.0
6.15963336755e-30,0.999910008099,0.0
2.13008843311e-30,0.999910008099,0.0
1.83178136218e-30,0.99995700387,1.0
5.23461302857e-30,0.999910008099,0.0
9.62346559257e-30,0.999910008099,0.0
8.8762874314e-30,0.999910008099,0.0
7.17522821834e-31,0.999910008099,0.0
9.33730849038e-30,0.999914007739,1.0
4.7132173175e-30,0.999910008099,0.0
1.1461966352e-30,0.999910008099,0.0
5.5573412678e-30,0.999910008099,0.0
2.04215849813e-30,0.999910008099,0.0
8.34092850358e-32,0.999910008099,0.0
7.79567442191e-30,0.999910008099,0.0
1.11072313488e-29,0.999910008099,0.0
2.45814473659e-30,0.999910008099,0.0
1.35066560445e-30,0.999910008099,0.0
6.13955229917e-30,0.999910008099,0.0
5.45108555603e-30,0.999910008099,0.0
2.94840800235e-30,0.999910008099,0.0
8.11728644828e-30,0.999910008099,0.0
1.10005745031e-29,0.999910008099,0.0
5.26700301579e-30,0.99995700387,1.0
2.50443531947e-31,0.999910008099,0.0
9.75783647911e-30,0.999910008099,0.0
2.45886623018e-30,0.999910008099,0.0
8.97492317143e-30,0.999910008099,0.0
5.84123778193e-30,0.99995700387,1.0
5.15736440181e-30,0.99994300513,1.0
5.4599655173e-30,0.999910008099,0.0
6.17855717822e-30,0.999910008099,0.0
8.23254429218e-30,0.99995700387,1.0
4.28443005068e-30,0.999910008099,0.0
9.34845720729e-30,0.999910008099,0.0
9.52200218051e-30,0.999910008099,0.0
2.25591670354e-30,0.99995700387,1.0
7.20797887107e-31,0.999910008099,0.0
8.62629479563e-30,0.999910008099,0.0
5.15309706226e-30,1.0,1.0
2.47026997791e-30,0.99995700387,1.0
3.38040754189e-30,0.999910008099,0.0
6.03141428885e-30,0.999910008099,0.0
5.80759885788e-30,0.999910008099,0.0
5.87032978262e-30,0.999910008099,0.0
2.07003534084e-30,0.999910008099,0.0
9.54936271248e-30,0.999910008099,0.0
1.36256569773e-30,0.999910008099,0.0
1.8302209634e-30,0.999910008099,0.0
7.88542072059e-30,0.999910008099,0.0
9.21382830727e-30,0.999910008099,0.0
6.21449967732e-30,0.999910008099,0.0
2.98563523317e-30,0.999910008099,0.0
3.09472552232e-30,0.999910008099,0.0
4.63619386539e-30,0.999910008099,0.0
5.15035110746e-30,0.99995700387,1.0
3.87663205627e-30,0.999910008099,0.0
4.16495905471e-30,0.999910008099,0.0
9.50916284758e-30,0.999910008099,0.0
4.16054268557e-30,0.999910008099,0.0
5.96809570302e-30,0.999910008099,0.0
5.81433187077e-30,0.0,0.0
4.77241934632e-30,0.999910008099,0.0
5.74692950468e-30,0.999910008099,0.0
1.0,0.999910008099,0.0
1.0,0.999910008099,0.0
8.83181280134e-30,0.999910008099,0.0
7.33355360054e-31,0.999910008099,0.0
1.57913291654e-30,0.999910008099,0.0
2.95580094895e-30,0.999910008099,0.0
6.09558137818e-30,0.999910008099,0.0
5.72023749377e-30,0.999910008099,0.0
3.02245369162e-30,0.999910008099,0.0
5.79684206971e-30,0.999910008099,0.0
9.05518869627e-30,0.999910008099,0.0
0.125752087513,0.0,0.0
6.12163548097e-30,0.999910008099,0.0
5.74259369991e-30,0.999910008099,0.0
5.55388208159e-30,0.999910008099,0.0
5.74468450982e-30,0.999910008099,0.0
1.0,0.999910008099,0.0
8.68771461471e-30,0.999910008099,0.0
0.12575208757,0.999910008099,0.0
5.1532846477e-30,0.999910008099,0.0
1.09338571055e-29,0.999910008099,0.0
0.12575208757,0.999910008099,0.0
0.125752087486,0.999910008099,0.0
1.08435145643e-29,0.999910008099,0.0
3.04051474173e-30,0.999910008099,0.0
6.1655943442e-30,0.999910008099,0.0
9.59931353479e-30,0.999910008099,0.0
5.35356800645e-30,0.999910008099,0.0
3.75020344327e-30,0.999910008099,0.0
5.8193126043e-30,0.999910008099,0.0
5.44482989009e-30,0.999910008099,0.0
1.07144910008e-29,0.999910008099,0.0
1.09369156515e-29,0.999910008099,0.0
1.00994296562e-29,0.99995700387,1.0
5.66113003216e-30,0.999910008099,0.0
6.13959363075e-30,0.999910008099,0.0
1.10992582643e-29,0.999910008099,0.0
6.15963336755e-30,0.999910008099,0.0
2.13008843311e-30,0.999910008099,0.0
1.83178136218e-30,0.99995700387,1.0
5.23461302857e-30,0.999910008099,0.0
9.62346559257e-30,0.999910008099,0.0
8.8762874314e-30,0.999910008099,0.0
7.17522821834e-31,0.999910008099,0.0
9.33730849038e-30,0.999914007739,1.0
4.7132173175e-30,0.999910008099,0.0
1.1461966352e-30,0.999910008099,0.0
5.5573412678e-30,0.999910008099,0.0
2.04215849813e-30,0.999910008099,0.0
8.34092850358e-32,0.999910008099,0.0
7.79567442191e-30,0.999910008099,0.0
1.11072313488e-29,0.999910008099,0.0
2.45814473659e-30,0.999910008099,0.0
1.35066560445e-30,0.999910008099,0.0
6.13955229917e-30,0.999910008099,0.0
5.45108555603e-30,0.999910008099,0.0
2.94840800235e-30,0.999910008099,0.0
8.11728644828e-30,0.999910008099,0.0
1.10005745031e-29,0.999910008099,0.0
1.06082416297e-29,0.999929006389,1.0
9.7606580055e-30,0.99995700387,1.0
3.88452726052e-30,0.999910008099,0.0
2.44455572999e-30,0.999910008099,0.0
9.08172117177e-30,0.999910008099,0.0
9.07323370091e-30,0.999910008099,0.0
5.43953027788e-30,0.999910008099,0.0
2.04632502432e-30,0.999910008099,0.0
5.59375878152e-30,0.999910008099,0.0
6.22083702796e-30,0.999910008099,0.0
8.9492864727e-30,0.999910008099,0.0
1.09471616479e-29,0.999910008099,0.0
1.76657895543e-30,0.999910008099,0.0
9.211563294e-30,0.999910008099,0.0
5.88411628928e-30,0.999910008099,0.0
2.46102570632e-30,0.999910008099,0.0
6.08807684341e-30,0.999910008099,0.0
1.04703447974e-29,0.999910008099,0.0
2.9992638598e-30,0.999910008099,0.0
6.12618363406e-30,0.999910008099,0.0
1.0,0.999910008099,0.0
0.0,0.999910008099,0.0
3.23441088117e-30,0.999910008099,0.0
6.15104124341e-30,0.999910008099,0.0
4.26314595894e-30,0.999910008099,0.0
5.29646958727e-30,0.999914007739,1.0
4.70140953005e-30,0.999910008099,0.0
2.96146714174e-30,0.999910008099,0.0
2.43676265749e-30,0.999910008099,0.0
6.12659794903e-30,0.999910008099,0.0
4.05807647568e-30,0.999910008099,0.0
4.74096182939e-30,0.99995700387,1.0
1.79719717401e-30,0.999910008099,0.0
9.36879005483e-30,0.999910008099,0.0
1.10786645654e-29,0.999910008099,0.0
3.29087659488e-30,0.999910008099,0.0
1.0828580691e-29,0.999910008099,0.0
9.55467131702e-30,0.999910008099,0.0
9.59310984225e-30,0.999910008099,0.0
2.9855472491e-30,0.0,0.0
5.15191399228e-30,0.999914007739,1.0
1.00333567204e-29,0.99995700387,1.0
2.80462161761e-31,0.0,0.0
8.74083915981e-30,0.99995700387,1.0
4.10561370741e-30,0.999910008099,0.0
5.12441261309e-30,0.99995700387,1.0
6.15846869015e-30,0.999910008099,0.0
4.41945231906e-30,0.999910008099,0.0
5.63599903192e-30,0.999914007739,1.0
4.62417073809e-30,0.999910008099,0.0
2.94560030144e-30,0.999910008099,0.0
4.71613259818e-30,0.999910008099,0.0
1.04246764792e-29,0.999910008099,0.0
3.9586101961e-30,0.999910008099,0.0
9.34566094632e-30,0.999910008099,0.0
1.57827186753e-30,1.0,1.0
1.09878083798e-29,0.999910008099,0.0
8.98520295553e-30,0.999910008099,0.0
4.35830315059e-30,0.999910008099,0.0
3.08045183981e-30,0.999910008099,0.0
2.84728383916e-31,0.999910008099,0.0
2.56623182884e-31,0.99995700387,1.0
5.88457937622e-30,0.999910008099,0.0
2.79900830276e-31,0.999910008099,0.0
7.007267363e-31,0.999910008099,0.0
1.08261197739e-29,0.999910008099,0.0
5.53933868553e-30,0.999910008099,0.0
2.91962527908e-30,0.999910008099,0.0
6.36128784878e-30,0.0,0.0
2.94409554156e-30,0.99995700387,1.0
3.0881944879e-30,0.999910008099,0.0
5.46602486265e-30,0.99994300513,1.0
7.79586730164e-30,0.999910008099,0.0
6.80592648685e-30,0.99997100261,1.0
5.49914458789e-30,0.999914007739,1.0
1.84610256329e-30,0.99995700387,1.0
8.52458734336e-30,0.99995700387,1.0
4.73185090255e-30,0.999910008099,0.0
2.92986054201e-30,0.999910008099,0.0
4.70378696216e-30,0.999910008099,0.0
5.27052054273e-30,0.999910008099,0.0
5.02908881218e-30,0.999910008099,0.0
4.62890859019e-30,0.999910008099,0.0
4.22295707875e-30,0.999910008099,0.0
1.07653647808e-29,0.999910008099,0.0
4.61164075647e-30,0.999910008099,0.0
8.60605221719e-30,0.0,0.0
5.88086681459e-30,0.999910008099,0.0
5.48402234276e-30,0.999910008099,0.0
9.60385143924e-30,0.999910008099,0.0
2.09264160276e-30,0.999910008099,0.0
4.29078433066e-30,0.999910008099,0.0
2.89584880602e-30,0.999914007739,1.0
1.0531922464e-29,1.0,1.0
1.0597879617e-29,0.999910008099,0.0
4.14749047814e-30,0.999910008099,0.0
4.55296319711e-30,0.99995700387,1.0
5.15419421151e-30,1.0,1.0
7.79566717366e-30,0.999910008099,0.0
3.35464194431e-30,0.999910008099,0.0
5.92978356103e-30,0.999910008099,0.0
5.70216436521e-30,0.999910008099,0.0
4.74324157269e-30,0.0,0.0
3.98735267562e-30,0.999910008099,0.0
6.06069233782e-30,0.999910008099,0.0
1.83904275539e-30,0.999910008099,0.0
1.05764985371e-29,0.999910008099,0.0
3.04308261778e-30,0.999910008099,0.0
4.14523547407e-30,0.99995700387,1.0
3.74909650652e-30,0.999910008099,0.0
5.27099129769e-30,0.999910008099,0.0
4.45283988076e-30,0.999910008099,0.0
9.33210377348e-30,0.999914007739,1.0
4.53655938915e-30,0.999910008099,0.0
4.28098260298e-30,0.999910008099,0.0
1.79161750204e-30,0.999910008099,0.0
3.66180053925e-30,0.0,0.0
4.51524994035e-30,0.999910008099,0.0
6.20395349045e-30,0.99995700387,1.0
9.42076845109e-30,0.999910008099,0.0
2.84728942611e-31,0.999910008099,0.0
4.73858653451e-30,0.999910008099,0.0
4.56549487551e-30,0.999910008099,0.0
5.69850888207e-30,0.999910008099,0.0
1.85871772959e-30,0.999910008099,0.0
2.28506061258e-30,0.999910008099,0.0
8.83076743334e-30,0.999910008099,0.0
8.94852511078e-30,0.999910008099,0.0
4.18718111205e-30,0.999910008099,0.0
8.77251145199e-30,0.999910008099,0.0
2.10457586509e-30,0.99995700387,1.0
1.05206362698e-29,0.999910008099,0.0
8.74807343121e-30,0.99995700387,1.0
9.0323815644e-30,0.999910008099,0.0
5.89345826445e-30,0.999910008099,0.0
4.73178649304e-30,0.999910008099,0.0
8.7815595508e-30,0.999910008099,0.0
9.69658558683e-30,0.999910008099,0.0
2.12781320961e-30,0.999910008099,0.0
4.40648306152e-30,0.99995700387,1.0
5.67195718629e-30,0.999910008099,0.0
5.55639731322e-30,0.999910008099,0.0
4.52820040328e-30,0.999910008099,0.0
5.82893011941e-30,0.999910008099,0.0
4.02110122799e-30,0.999910008099,0.0
3.66366289624e-30,0.999910008099,0.0
1.05850903124e-29,0.999910008099,0.0
8.96409736231e-30,0.999910008099,0.0
1.08837599555e-29,0.999910008099,0.0
2.9217308338e-30,0.999910008099,0.0
3.9702339779e-30,0.999910008099,0.0
2.29984141841e-30,0.999910008099,0.0
1.15566660171e-31,0.999910008099,0.0
1.1026319967e-29,0.999910008099,0.0
1.08206607386e-29,0.999910008099,0.0
4.64813764622e-30,0.99995700387,1.0
4.5335508035e-30,0.999910008099,0.0
5.95701018955e-30,0.999910008099,0.0
1.81592634019e-30,0.999910008099,0.0
1.07958912079e-29,0.999910008099,0.0
1.05683525853e-29,0.99995700387,1.0
5.1462995423e-30,0.999929006389,1.0
5.14938373796e-30,0.999910008099,0.0
9.78747787177e-30,0.999910008099,0.0
4.10711279166e-30,0.99995700387,1.0
4.19453087067e-30,0.999910008099,0.0
2.72789873732e-31,0.0,0.0
1.07759183785e-29,0.999910008099,0.0
4.22111754842e-30,0.999910008099,0.0
1.33989928596e-30,0.99995700387,1.0
5.86979230947e-30,0.999910008099,0.0
8.84053581375e-30,0.999910008099,0.0
1.05981302345e-29,0.999910008099,0.0
6.16500825574e-30,0.999910008099,0.0
6.2160218395e-30,0.999910008099,0.0
2.45883023723e-30,0.999910008099,0.0
8.83687633402e-30,0.999910008099,0.0
4.18061499811e-30,0.999910008099,0.0
6.14308019004e-30,0.999910008099,0.0
5.74742694396e-30,0.999910008099,0.0
4.33802754118e-30,0.999910008099,0.0
1.94721215608e-30,0.999910008099,0.0
7.24060152063e-30,0.999910008099,0.0
6.0824442462e-30,0.99995700387,1.0
2.08378891702e-30,0.999910008099,0.0
1.05443519545e-29,0.999910008099,0.0
2.28893630124e-30,0.999910008099,0.0
5.2420914052e-30,0.999910008099,0.0
2.28892424644e-30,0.999910008099,0.0
6.15321411049e-30,0.999910008099,0.0
5.69234715961e-30,0.999910008099,0.0
2.44572923713e-30,0.999910008099,0.0
3.75943473481e-30,0.999910008099,0.0
3.83480567447e-30,0.999910008099,0.0
4.26359651812e-30,0.0,0.0
1.00389800622e-29,0.999910008099,0.0
4.69682796465e-30,0.99995700387,1.0
2.95499087122e-30,0.999910008099,0.0
9.65032724862e-30,0.999910008099,0.0
1.15772197737e-31,0.999910008099,0.0
6.2177064163e-30,0.999910008099,0.0
1.06082416297e-29,0.999929006389,1.0
5.70147237603e-30,0.999910008099,0.0
5.63125776853e-30,0.999910008099,0.0
6.17843747567e-32,0.999910008099,0.0
8.95167077763e-30,0.999910008099,0.0
6.81327545915e-30,0.0,0.0
1.09427302088e-29,0.999910008099,0.0
5.62190245859e-30,0.999910008099,0.0
8.48930197859e-30,0.999910008099,0.0
6.12988090697e-30,0.999910008099,0.0
8.85107226337e-30,0.99995700387,1.0
4.71623699723e-30,0.999910008099,0.0
8.93003089788e-30,0.999910008099,0.0
2.31201179575e-30,0.999910008099,0.0
6.16277409187e-30,0.0,0.0
5.81898718091e-30,0.999910008099,0.0
1.05326787386e-29,0.999914007739,1.0
6.1811477154e-30,0.999910008099,0.0
6.93037914456e-30,0.999910008099,0.0
2.88082294015e-30,0.999910008099,0.0
8.50119102804e-30,0.999910008099,0.0
2.84725472201e-31,0.0,0.0
1.11021999248e-29,0.999910008099,0.0
5.44461522423e-30,0.999910008099,0.0
1.3444045112e-30,0.999910008099,0.0
7.01487057686e-31,0.999910008099,0.0
3.94295641653e-30,0.999910008099,0.0
9.06584882139e-30,0.999910008099,0.0
1.38235833775e-30,0.999910008099,0.0
2.93382857492e-30,0.999910008099,0.0
5.28106473722e-30,0.999910008099,0.0
5.91840891567e-30,0.999910008099,0.0
9.3107847648e-30,0.999910008099,0.0
9.3372746317e-30,0.99995700387,1.0
1.10426162336e-29,0.999910008099,0.0
3.92832517238e-30,0.999910008099,0.0
8.84180578588e-30,0.999910008099,0.0
5.12106918014e-30,0.99995700387,1.0
5.82976673662e-30,0.0,0.0
3.75156875709e-30,0.999910008099,0.0
1.10785368106e-29,0.999910008099,0.0
4.53403450599e-30,0.999910008099,0.0
5.92847873995e-30,0.999910008099,0.0
5.49225582629e-30,0.999910008099,0.0
1.10327058265e-29,0.999910008099,0.0
1.07848932262e-29,0.999910008099,0.0
3.62271699362e-30,0.999910008099,0.0
7.0389813267e-31,0.999910008099,0.0
5.45284195317e-30,0.999910008099,0.0
4.55907517505e-30,0.999910008099,0.0
8.85106390955e-30,0.99995700387,1.0
3.95914021703e-30,0.999910008099,0.0
5.87651019918e-30,0.999910008099,0.0
1.57112294339e-30,0.999914007739,1.0
3.98857897497e-30,0.999910008099,0.0
4.11820829069e-30,0.999910008099,0.0
4.73746414645e-30,0.999910008099,0.0
5.59360830346e-30,0.999910008099,0.0
3.87001014971e-30,0.999910008099,0.0
4.22069307053e-30,0.999929006389,1.0
4.73854318985e-30,0.999910008099,0.0
2.45731909227e-30,0.999910008099,0.0
1.36172132087e-30,0.999910008099,0.0
1.09456116988e-29,0.999910008099,0.0
1.79770665035e-30,0.999910008099,0.0
1.83006152258e-30,0.999910008099,0.0
3.93876574822e-30,0.999910008099,0.0
8.61728884723e-30,0.999910008099,0.0
5.39178171767e-30,0.999910008099,0.0
8.62105648906e-30,0.999910008099,0.0
5.83590747698e-30,0.999910008099,0.0
1.05677148752e-29,0.999910008099,0.0
9.19590202969e-30,0.0,0.0
5.45187843246e-30,0.999910008099,0.0
4.64280351909e-30,0.99995700387,1.0
8.96251286576e-30,0.99995700387,1.0
2.28710959134e-30,0.999910008099,0.0
5.2662907924e-30,0.999910008099,0.0
5.29645991801e-30,0.99995700387,1.0
3.66781819533e-30,0.999910008099,0.0
9.37304953717e-30,0.99995700387,1.0
9.21425823022e-30,0.999910008099,0.0
5.60562952115e-30,0.999910008099,0.0
1.8391755385e-30,0.999910008099,0.0
4.493382125e-30,0.99995700387,1.0
2.75383089095e-31,0.99995700387,1.0
2.62910697367e-31,0.999910008099,0.0
5.95936107923e-30,0.999910008099,0.0
1.06082416297e-29,0.999929006389,1.0
5.70147237603e-30,0.999910008099,0.0
5.63125776853e-30,0.0,0.0
6.17843747567e-32,0.999910008099,0.0
8.95167077763e-30,0.999910008099,0.0
6.81327545915e-30,0.999910008099,0.0
1.09427302088e-29,0.999910008099,0.0
5.62190245859e-30,0.999910008099,0.0
8.48930197859e-30,0.999910008099,0.0
6.12988090697e-30,0.999910008099,0.0
8.85107226337e-30,0.99995700387,1.0
4.71623699723e-30,0.999910008099,0.0
8.93003089788e-30,0.999910008099,0.0
2.31201179575e-30,0.999910008099,0.0
6.16277409187e-30,0.999910008099,0.0
5.81898718091e-30,0.999910008099,0.0
1.05326787386e-29,0.999914007739,1.0
6.1811477154e-30,0.999910008099,0.0
6.93037914456e-30,0.999910008099,0.0
1.06082416297e-29,0.999929006389,1.0
3.38494582175e-30,0.999910008099,1.0
1.24796713128e-31,0.999910008099,0.0
1.37535452939e-30,0.999910008099,0.0
5.30599921586e-30,0.999910008099,0.0
5.74530543836e-30,0.999910008099,0.0
4.39622448122e-30,0.999910008099,0.0
5.43020312142e-30,0.999910008099,0.0
5.8052606083e-30,0.999910008099,0.0
8.4966998086e-30,0.999910008099,0.0
3.86184972216e-30,0.99995700387,1.0
4.23575200876e-30,0.999910008099,0.0
5.43918658901e-30,0.999910008099,0.0
5.60460684088e-30,0.999910008099,0.0
1.06082416297e-29,0.999929006389,1.0
9.81837043014e-30,0.999910008099,0.0
4.74282690891e-30,0.999910008099,0.0
5.56251766567e-30,0.999910008099,0.0
5.91842037335e-30,0.999910008099,0.0
6.12266032507e-30,0.999910008099,0.0
3.06285647502e-30,0.999910008099,0.0
5.26842389757e-30,0.999910008099,0.0
5.63126807038e-30,0.999910008099,0.0
6.36215580314e-30,0.999910008099,0.0
8.83893352174e-30,0.999910008099,0.0
1.10032959847e-29,0.999910008099,0.0
3.88054982439e-30,0.999910008099,0.0
2.62809626839e-31,0.999910008099,0.0
5.70279109058e-30,0.999910008099,0.0
5.51647921076e-30,0.999910008099,0.0
5.02526513829e-30,0.999910008099,0.0
3.01837737541e-30,0.999910008099,0.0
5.55640957495e-30,0.999910008099,0.0
9.66550780197e-30,0.99995700387,1.0
6.14722588491e-30,0.999910008099,0.0
3.83830554489e-30,0.999910008099,0.0
1.03861221682e-29,0.99995700387,1.0
3.01837655658e-30,0.999910008099,0.0
6.00788010896e-32,0.99995700387,1.0
5.99214828654e-30,0.999910008099,0.0
4.96192626209e-30,0.999910008099,0.0
9.11735580349e-30,0.999910008099,0.0
3.86185562245e-30,0.99995700387,1.0
4.29113640586e-30,0.999910008099,0.0
2.29112870786e-30,0.999910008099,0.0
5.93685297907e-30,0.999910008099,0.0
5.02814936559e-30,0.999910008099,0.0
8.18307762758e-30,0.999910008099,0.0
5.76761874622e-30,0.99995700387,1.0
9.25460091404e-30,0.999910008099,0.0
5.92457292612e-30,0.999910008099,0.0
6.09803067498e-30,0.999910008099,0.0
5.12683466687e-30,0.99995700387,1.0
3.94316098155e-30,0.999910008099,0.0
2.37889423288e-30,0.999910008099,0.0
1.09431015013e-29,0.999910008099,0.0
1.80614077622e-30,0.999910008099,0.0
5.8506176301e-30,0.99995700387,1.0
3.97207873453e-30,0.999910008099,0.0
5.72208603415e-30,0.999910008099,0.0
1.10981354476e-29,0.999910008099,0.0
1.8461697781e-30,0.99995700387,1.0
6.04076700042e-30,0.999910008099,0.0
9.32731981577e-30,0.999914007739,1.0
4.04367595175e-30,0.999910008099,0.0
2.5618384194e-31,0.999910008099,0.0
3.04043166768e-30,0.999910008099,0.0
6.04558610565e-30,0.999910008099,0.0
1.06021290517e-29,0.999910008099,0.0
6.92597715664e-30,0.999910008099,0.0
1.10936308017e-31,0.999910008099,0.0
6.12829928371e-30,0.999910008099,0.0
9.05517103975e-30,0.999910008099,0.0
5.55671384184e-30,0.999910008099,0.0
1.082786918e-29,0.999910008099,0.0
2.7482810722e-31,0.999910008099,0.0
1.35787636633e-30,0.99995700387,1.0
6.08507231643e-30,0.99995700387,1.0
9.97280768458e-30,0.999910008099,0.0
2.33702887253e-30,0.999910008099,0.0
8.71747973016e-30,0.999910008099,0.0
9.09268841933e-30,0.999910008099,0.0
1.10470815609e-29,0.999910008099,0.0
8.64154794381e-30,0.999910008099,0.0
9.55467166879e-30,0.999910008099,0.0
1.0,0.999910008099,0.0
9.24150962458e-30,0.999910008099,0.0
2.92363826474e-30,0.999910008099,0.0
5.57368719026e-30,0.999910008099,0.0
5.80967287738e-30,0.999910008099,0.0
8.842691045e-30,0.999910008099,0.0
9.34755898587e-30,0.999910008099,0.0
4.05023447158e-30,0.999910008099,0.0
5.50327477233e-30,0.999910008099,0.0
5.90188595794e-30,0.999910008099,0.0
4.31624286787e-30,0.999910008099,0.0
5.11098101354e-30,0.999910008099,0.0
4.66684327628e-30,0.999910008099,0.0
6.22172044545e-30,0.999910008099,0.0
9.1173694989e-30,0.999910008099,0.0
2.87852771893e-30,0.999910008099,0.0
1.79720183276e-30,0.999910008099,0.0
5.6724958123e-30,0.999910008099,0.0
5.4655765146e-30,0.999910008099,0.0
9.42666564491e-30,0.999910008099,0.0
5.79685408313e-30,0.999910008099,0.0
2.18008766676e-30,0.99995700387,1.0
5.93868913949e-30,0.999910008099,0.0
3.8256807241e-30,0.99995700387,1.0
1.07635299063e-29,0.999910008099,0.0
4.69697118559e-30,0.999910008099,0.0
3.92972631953e-30,0.999910008099,0.0
4.62718533931e-30,0.999910008099,0.0
2.30811780319e-30,0.999910008099,0.0
1.1730487757e-31,0.999910008099,0.0
1.06082416297e-29,0.999929006389,1.0
2.10092653055e-30,0.999910008099,0.0
5.7428085934e-30,0.999910008099,0.0
1.57070113778e-30,0.99995700387,1.0
8.93990592986e-30,0.999910008099,0.0
5.45021745682e-30,0.999910008099,0.0
4.71775069031e-30,0.999910008099,0.0
8.73751023224e-30,0.99995700387,1.0
8.62713397278e-30,0.999910008099,0.0
3.47683680448e-30,0.999910008099,0.0
4.55124901245e-30,0.999910008099,0.0
5.20525761664e-30,0.999914007739,1.0
8.84270182574e-30,0.999910008099,0.0
2.92122829828e-30,0.0,0.0
1.24865154705e-31,0.999910008099,0.0
9.07941890923e-30,0.999910008099,0.0
9.05921748206e-30,0.999910008099,0.0
7.7936030392e-30,0.999910008099,0.0
8.74083603822e-30,0.99995700387,1.0
2.89734084303e-30,0.999910008099,0.0
9.33210458344e-30,0.999910008099,0.0
5.11559680711e-30,0.99994300513,1.0
0.125752087486,0.999910008099,0.0
4.66608271546e-30,0.999910008099,0.0
9.05187093076e-30,0.999910008099,0.0
4.5916682404e-30,0.999910008099,0.0
9.3567441452e-30,0.0,0.0
8.87676822513e-30,0.999910008099,0.0
1.57112459287e-30,0.999914007739,1.0
2.66267793208e-31,0.999910008099,0.0
5.91403694947e-30,0.999914007739,1.0
1.05839137694e-29,0.999910008099,0.0
5.91403694651e-30,0.999914007739,1.0
9.03040200863e-30,0.999910008099,0.0
0.12575208757,0.999910008099,0.0
0.12575208757,0.999910008099,0.0
1.05856647067e-29,0.999910008099,0.0
1.05240031443e-29,0.999910008099,0.0
2.46981882752e-30,0.99995700387,1.0
6.00509881746e-30,0.999910008099,0.0
2.09262936173e-30,0.999910008099,0.0
9.81781106443e-30,0.999910008099,0.0
8.84081639081e-30,0.999910008099,0.0
1.10451860281e-29,0.999910008099,0.0
6.54055617309e-32,0.999910008099,0.0
1.07140493393e-29,0.0,0.0
5.73507817156e-30,0.999910008099,0.0
1.0765044767e-29,0.999910008099,0.0
8.61437785283e-30,0.999910008099,0.0
9.69269312846e-30,0.999910008099,0.0
4.04843091351e-30,0.999910008099,0.0
6.93353159261e-30,0.999910008099,0.0
1.87257010901e-30,0.999910008099,0.0
4.31723099184e-30,0.999910008099,0.0
5.27358599404e-30,0.999910008099,0.0
4.29359220894e-30,0.999910008099,0.0
1.07868132529e-29,0.999910008099,0.0
8.86422313215e-30,0.999910008099,0.0
9.32742292893e-30,0.999910008099,0.0
5.15038799018e-30,0.99995700387,1.0
5.73988357251e-30,0.999910008099,0.0
5.6070543197e-30,0.999910008099,0.0
9.17557467155e-30,0.999910008099,0.0
4.70033081182e-30,0.999910008099,0.0
4.06881326612e-30,0.0,0.0
9.08185736912e-30,0.999910008099,0.0
6.08128692938e-30,0.999910008099,0.0
1.0822487147e-29,0.999910008099,0.0
4.26245107282e-30,0.999910008099,0.0
5.5935221492e-30,0.999910008099,0.0
5.62797444403e-30,0.999910008099,0.0
6.36276594798e-30,0.999910008099,0.0
6.05867604123e-30,0.999910008099,0.0
4.72185196156e-30,0.999910008099,0.0
1.78649435457e-30,0.999910008099,0.0
7.34432183455e-31,0.99995700387,1.0
9.46477182662e-30,0.999910008099,0.0
4.63074209016e-30,0.999910008099,0.0
5.36612112513e-32,0.99995700387,1.0
5.6311720961e-30,0.999910008099,0.0
8.89767531916e-30,0.999910008099,0.0
4.69674933355e-30,0.999910008099,0.0
1.0261289205e-29,0.999910008099,0.0
1.0119959785e-29,0.999910008099,0.0
3.86611627539e-30,0.999910008099,0.0
8.82426438686e-30,0.99995700387,1.0
3.31634734947e-30,0.999910008099,0.0
5.54310825472e-30,0.999910008099,0.0
3.98320201754e-30,0.999910008099,0.0
2.29755243743e-30,0.999910008099,0.0
5.7428791722e-30,0.999910008099,0.0
6.2912442521e-30,0.999910008099,0.0
4.71873685737e-30,0.999910008099,0.0
1.05970432127e-29,0.999910008099,0.0
4.53685765525e-30,0.999910008099,0.0
4.34030792595e-30,0.999910008099,0.0
9.09439926365e-30,0.999910008099,0.0
6.12312175072e-30,0.999910008099,0.0
3.94516645602e-30,0.999910008099,0.0
6.02210096969e-30,0.999910008099,0.0
9.05376858307e-30,0.999910008099,0.0
1.06082416297e-29,0.999929006389,1.0
2.43307049264e-30,0.99995700387,1.0
9.35581670315e-30,0.999910008099,0.0
1.05034087596e-29,0.999910008099,0.0
2.74406215877e-31,0.999910008099,0.0
5.42265257858e-30,0.999910008099,0.0
4.57031778519e-30,0.99995700387,1.0
4.2712739083e-30,0.999910008099,0.0
5.36415152536e-30,0.999910008099,0.0
8.82928806007e-30,0.999910008099,0.0
7.24617366352e-31,0.999910008099,0.0
1.01105959321e-29,0.999910008099,0.0
1.05877898039e-29,0.999910008099,0.0
5.63028027158e-30,0.999910008099,0.0
1.10946317225e-29,0.999910008099,0.0
4.02056000065e-30,0.999910008099,0.0
9.37319499585e-30,0.999910008099,0.0
3.93871148389e-30,0.999910008099,0.0
8.54774909265e-30,0.999910008099,0.0
9.26541372834e-30,0.999910008099,0.0
4.54031446183e-30,0.999910008099,0.0
4.56083450165e-30,0.99995700387,1.0
4.55085990378e-30,0.999910008099,0.0
5.45466255882e-30,0.999910008099,0.0
5.04452051505e-30,0.999910008099,0.0
4.0161438207e-30,0.999910008099,0.0
8.74567733457e-30,0.999910008099,0.0
4.58496583747e-30,0.999910008099,0.0
9.32461542903e-30,0.999910008099,0.0
5.51159116142e-30,0.999910008099,0.0
1.10246969589e-29,0.999910008099,0.0
7.50044116792e-30,0.999910008099,0.0
1.04152457662e-29,0.999910008099,0.0
2.4456621849e-30,0.999910008099,0.0
1.05779803254e-29,0.999910008099,0.0
4.82595292687e-30,0.999910008099,0.0
3.27942858611e-30,0.999910008099,0.0
2.93520625098e-30,0.999910008099,0.0
7.43895001032e-30,0.999910008099,0.0
5.48557099121e-30,0.999910008099,0.0
6.08717802782e-30,0.999910008099,0.0
9.05213641124e-30,0.999910008099,0.0
5.11978906873e-30,0.999914007739,1.0
2.92684671824e-30,0.999910008099,0.0
3.58806183645e-30,0.999910008099,0.0
2.5233567121e-31,0.999910008099,0.0
2.91924835822e-30,0.999910008099,0.0
5.44145212551e-30,0.999910008099,0.0
2.56317683902e-30,0.999910008099,0.0
9.93515132304e-30,0.999910008099,0.0
3.11962616298e-30,0.999910008099,0.0
4.6274076525e-30,0.999910008099,0.0
5.52817731374e-30,0.99995700387,1.0
8.95721996675e-30,0.999910008099,0.0
4.23358508926e-30,0.99995700387,1.0
2.25472683758e-30,0.999910008099,0.0
9.62735244035e-30,0.999910008099,0.0
9.17839710545e-30,0.999910008099,0.0
9.09175994563e-30,0.999910008099,0.0
8.62528426179e-30,0.999910008099,0.0
7.79366709399e-30,0.999910008099,0.0
9.09303766559e-30,0.999910008099,0.0
8.52275560816e-30,0.999910008099,0.0
9.18109463118e-30,0.999910008099,0.0
6.10258137323e-30,0.999910008099,0.0
2.43973094617e-30,0.999910008099,0.0
4.29751172705e-30,0.999910008099,0.0
6.17852847787e-30,0.999910008099,0.0
4.15578115841e-30,0.999910008099,0.0
6.8554759565e-30,0.999910008099,0.0
5.84203754007e-30,0.99995700387,1.0
8.70455963481e-30,0.999910008099,0.0
1.83011219826e-30,0.999910008099,0.0
9.08610204754e-30,0.999910008099,0.0
8.85301890936e-30,0.999910008099,0.0
5.59744223191e-30,0.999910008099,0.0
8.84119501731e-30,0.999910008099,0.0
8.85017967028e-30,0.999910008099,0.0
1.09444183683e-29,0.999910008099,0.0
3.94318351557e-30,0.999910008099,0.0
4.54028165552e-30,0.999914007739,1.0
8.49823205685e-30,0.999910008099,0.0
8.84144800254e-30,0.999910008099,0.0
1.54224043547e-30,0.999910008099,0.0
5.79403521128e-30,0.999910008099,0.0
3.86276719342e-30,0.999910008099,0.0
3.07163512928e-30,0.999910008099,0.0
5.5518777718e-30,0.99995700387,1.0
9.05305760714e-30,0.999910008099,0.0
8.01228570961e-30,0.999910008099,0.0
7.37649972176e-31,0.999910008099,0.0
5.58325859089e-30,0.0,0.0
9.03863625483e-30,0.99995700387,1.0
6.43809084411e-30,0.999910008099,0.0
9.05101462622e-30,0.999910008099,0.0
5.02465012186e-30,0.999910008099,0.0
3.46132325136e-30,0.999910008099,0.0
9.12488681862e-30,0.999910008099,0.0
1.09011879749e-31,0.99995700387,1.0
7.48882105459e-30,0.999910008099,0.0
4.5402158064e-30,0.999910008099,0.0
8.38151259375e-30,0.999910008099,0.0
3.0842392222e-30,0.999910008099,0.0
6.48230172594e-30,0.999910008099,0.0
1.56620371062e-30,0.999910008099,0.0
1.05915193776e-29,0.999910008099,0.0
4.5414992079e-30,0.999910008099,0.0
9.47522710293e-32,0.999910008099,0.0
8.68287397461e-30,0.999910008099,0.0
5.11651878045e-30,0.999914007739,1.0
4.6717340245e-30,0.999910008099,0.0
5.58056206135e-30,0.99995700387,1.0
1.06082416297e-29,0.999929006389,1.0
9.31115144588e-30,0.99995700387,1.0
8.7385629017e-30,0.999910008099,0.0
7.33891334486e-31,0.999910008099,0.0
6.66967595335e-31,0.999910008099,0.0
3.9851573632e-30,0.999910008099,0.0
5.92780760574e-30,0.999910008099,0.0
2.17607267985e-30,0.999914007739,1.0
5.60941211177e-30,0.999910008099,0.0
5.62837591789e-30,0.999910008099,0.0
4.53109924237e-30,0.999910008099,0.0
4.53389188217e-30,0.999910008099,0.0
3.35468039965e-30,0.999910008099,0.0
5.83167505733e-30,0.999910008099,0.0
4.1068632798e-30,0.999910008099,0.0
3.83777658813e-30,0.999910008099,0.0
5.61462781632e-30,0.999910008099,0.0
5.92002630426e-30,0.999910008099,0.0
3.62648256917e-30,0.999910008099,0.0
8.8372192011e-30,0.999910008099,0.0
1.0043081428e-29,0.999910008099,0.0
3.01613353045e-30,0.999910008099,0.0
5.62243829704e-30,0.999910008099,0.0
8.52192073503e-30,0.999910008099,0.0
3.90505910386e-30,0.999910008099,0.0
8.5246802197e-30,0.999910008099,0.0
1.08836443707e-31,0.999910008099,0.0
5.11932973598e-30,0.99995700387,1.0
1.07262955336e-29,0.999910008099,0.0
1.95153685199e-30,0.999910008099,0.0
8.86562375015e-30,0.999910008099,0.0
9.46031698441e-30,0.999910008099,0.0
8.93105633024e-30,0.999910008099,0.0
1.10763499909e-29,0.999910008099,0.0
5.73445168268e-30,0.999910008099,0.0
6.17929024772e-30,0.999910008099,0.0
5.95813334323e-30,0.999910008099,0.0
9.05511428642e-30,0.999910008099,0.0
8.87362492903e-30,0.0,0.0
4.55672225161e-30,0.999910008099,0.0
2.23298182864e-30,0.99994300513,1.0
5.57634498955e-30,0.999910008099,0.0
4.62020018662e-30,0.999910008099,0.0
2.30045527606e-30,0.999910008099,0.0
8.49152746348e-32,0.999910008099,0.0
2.69317963474e-30,0.999910008099,0.0
5.27501996819e-30,0.999910008099,0.0
1.09441281368e-29,0.999910008099,0.0
5.62104091e-30,0.999910008099,0.0
5.60698241067e-30,0.999910008099,0.0
4.56045909134e-30,0.999910008099,0.0
1.07854506971e-29,0.999910008099,0.0
4.31812643753e-30,0.999910008099,0.0
8.76971671634e-30,0.999910008099,0.0
1.05915157062e-29,0.999910008099,0.0
4.7292564959e-30,0.99995700387,1.0
4.72908241373e-30,0.999910008099,0.0
1.07817011582e-29,0.999910008099,0.0
7.64641936807e-30,0.999910008099,0.0
4.23213733989e-30,0.999910008099,0.0
2.92112583249e-30,0.999910008099,0.0
5.75712779917e-30,0.999910008099,0.0
4.67525112281e-30,0.999910008099,0.0
1.62809347174e-30,0.999910008099,0.0
5.81966966046e-30,0.999910008099,0.0
4.72865753677e-30,0.999910008099,0.0
5.48811797385e-30,0.999910008099,0.0
5.81117477876e-30,0.999910008099,0.0
6.10327753933e-30,0.99995700387,1.0
8.85109178517e-30,0.999910008099,0.0
3.6416063485e-30,0.999910008099,0.0
9.12980119755e-30,0.999914007739,1.0
7.49416244771e-30,0.999910008099,0.0
4.6207477547e-30,0.99995700387,1.0
5.51308972836e-30,0.999910008099,0.0
3.53453630819e-30,0.999910008099,0.0
5.3056165307e-30,0.999910008099,0.0
5.71805940629e-30,0.99995700387,1.0
1.08764835455e-29,0.999910008099,0.0
4.17132667241e-30,0.999910008099,0.0
1.09984229433e-29,0.999910008099,0.0
5.59414951012e-30,0.999910008099,0.0
4.71070313231e-30,0.999910008099,0.0
5.04130987998e-30,0.999910008099,0.0
3.07434648936e-30,0.999910008099,0.0
9.1425946791e-30,0.999910008099,0.0
4.38003949533e-30,0.0,0.0
8.74988436169e-30,0.999910008099,0.0
9.3736614793e-30,0.999929006389,1.0
8.84509783961e-30,0.999910008099,0.0
1.06082416297e-29,0.999929006389,1.0
3.58420107883e-30,0.999910008099,0.0
4.46246578516e-30,0.999910008099,0.0
1.96723069499e-30,0.999910008099,0.0
2.3371021443e-30,0.999910008099,0.0
8.70091549405e-30,0.999910008099,0.0
4.74835267719e-30,0.999910008099,0.0
3.59828684778e-30,0.999910008099,0.0
9.33293543634e-30,0.999910008099,0.0
5.61939947685e-30,0.999910008099,0.0
5.59346405086e-30,0.999910008099,0.0
8.98462171501e-30,0.999910008099,0.0
3.82875044691e-30,0.999910008099,0.0
8.85295187486e-30,0.999910008099,0.0
5.1117218013e-30,0.999910008099,0.0
6.92604465228e-30,0.999910008099,0.0
3.65054617287e-30,0.999910008099,0.0
9.3418425076e-30,0.999910008099,0.0
9.5296652486e-32,0.999910008099,0.0
7.79829875568e-30,0.999910008099,0.0
4.09284383589e-30,0.999910008099,0.0
4.74801535862e-30,0.999910008099,0.0
5.61833330707e-30,0.999910008099,0.0
4.15573330577e-30,0.999910008099,0.0
1.0998899158e-29,0.999910008099,0.0
1.00958254606e-29,0.999910008099,0.0
5.63494465681e-30,0.999910008099,0.0
3.50621822675e-30,0.999910008099,0.0
4.60560288096e-30,0.999910008099,0.0
5.58805116256e-30,0.999910008099,0.0
9.74772404624e-30,0.999910008099,0.0
1.05915157092e-29,0.999910008099,0.0
8.62631401591e-30,0.999910008099,0.0
6.14494417287e-30,0.99995700387,1.0
3.03524942568e-30,0.999910008099,0.0
1.04833018819e-29,0.999910008099,0.0
0.125752087486,0.999910008099,0.0
2.94402503075e-30,0.99995700387,1.0
9.09167798305e-30,0.999910008099,0.0
6.17334445633e-30,0.999910008099,0.0
3.6090030818e-30,0.999910008099,0.0
2.0648770429e-30,0.999910008099,0.0
5.80434517376e-30,0.999910008099,0.0
8.86574171455e-30,0.999910008099,0.0
1.10773682933e-29,0.999910008099,0.0
5.61823059889e-30,0.999910008099,0.0
3.91310726926e-30,0.999910008099,0.0
6.49702994352e-30,0.999910008099,0.0
9.0825627049e-30,0.999910008099,0.0
5.81974344067e-30,0.999910008099,0.0
8.84062393971e-30,0.999910008099,0.0
5.55571898102e-30,0.99995700387,1.0
8.38432016164e-32,0.999910008099,0.0
1.05607701939e-29,0.999910008099,0.0
4.5441592804e-30,0.999910008099,0.0
5.45466425264e-30,0.999910008099,0.0
9.78752690093e-30,0.999910008099,0.0
4.74257965547e-30,0.99995700387,1.0
2.29079563715e-30,0.99995700387,1.0
8.62105427202e-30,0.999910008099,0.0
1.10033638617e-29,0.999910008099,0.0
5.42344367547e-30,0.99995700387,1.0
4.46014231291e-30,0.999910008099,0.0
9.18336043372e-30,0.999910008099,0.0
4.53353869845e-30,0.99995700387,1.0
4.12531458849e-30,0.999910008099,0.0
8.86141308413e-30,0.999910008099,0.0
2.05014702508e-30,0.999910008099,0.0
8.8411952804e-30,0.999910008099,0.0
4.24281070222e-30,0.999910008099,0.0
5.95848735464e-30,0.999910008099,0.0
5.72178210129e-30,0.999910008099,0.0
5.5732676549e-30,0.999910008099,0.0
4.72230748691e-30,0.999910008099,0.0
1.85683325243e-30,0.999910008099,0.0
6.19110708367e-30,0.999910008099,0.0
5.9575493713e-30,0.999910008099,0.0
3.91973418042e-30,0.999910008099,0.0
8.71821916405e-30,0.999910008099,0.0
1.09610812598e-29,0.999910008099,0.0
4.43470406311e-30,0.0,0.0
6.22192973129e-30,0.999910008099,0.0
9.18643803738e-30,0.999910008099,0.0
4.64647980105e-30,0.999910008099,0.0
1.04184466138e-29,0.99995700387,1.0
1.06082359186e-29,0.99995700387,1.0
3.79295026716e-30,0.999910008099,0.0
4.52553148626e-30,0.999910008099,0.0
5.70737799461e-30,0.999910008099,0.0
1.05973162222e-29,0.999910008099,0.0
8.89875121436e-30,0.999910008099,0.0
8.75092504434e-30,0.999910008099,0.0
2.88316616773e-30,0.999910008099,0.0
4.44344197996e-30,0.999910008099,0.0
8.83450200873e-30,0.999910008099,0.0
6.64186345216e-30,0.999910008099,0.0
5.44483095723e-30,0.0,0.0
1.08781811349e-29,0.999910008099,0.0
5.55217004007e-30,0.999910008099,0.0
4.63344981724e-30,0.999910008099,0.0
3.04704903964e-30,0.999910008099,0.0
1.06082416297e-29,0.999929006389,1.0
2.04310229012e-30,0.999910008099,0.0
5.6990508573e-30,0.999910008099,0.0
8.58616058474e-30,0.999910008099,0.0
4.75922194921e-30,0.999910008099,0.0
5.73013289593e-30,0.999910008099,0.0
3.02336641841e-30,0.999910008099,0.0
4.5401168938e-30,0.999910008099,0.0
4.66436334883e-30,0.999910008099,0.0
9.80037655937e-30,0.99995700387,1.0
4.40903587646e-30,0.999910008099,0.0
8.87041187591e-30,0.999910008099,0.0
8.68485440537e-30,0.999910008099,0.0
2.28890140795e-30,0.999910008099,0.0
9.33588247097e-30,0.999910008099,0.0
6.51495733848e-30,0.999910008099,0.0
2.45920988948e-30,0.999910008099,0.0
9.3515061904e-30,0.999910008099,0.0
1.87232505192e-30,0.999910008099,0.0
1.04872150977e-29,0.0,0.0
6.9310959321e-30,0.99995700387,1.0
9.37105179279e-30,0.999910008099,0.0
2.31364285019e-30,0.999910008099,1.0
1.09265510966e-29,0.999910008099,0.0
6.16820876336e-30,0.999910008099,0.0
9.35572473137e-30,0.999910008099,1.0
5.44361965395e-30,0.999910008099,0.0
6.11876761544e-30,0.999910008099,0.0
4.13619798455e-30,0.999910008099,0.0
1.10361162112e-29,0.999910008099,0.0
1.08892633967e-29,0.999910008099,0.0
1.03926651776e-29,0.999910008099,0.0
4.75433866799e-30,0.999910008099,0.0
1.86356960567e-30,0.0,0.0
5.25616873757e-30,0.999910008099,0.0
4.16357251049e-30,0.999910008099,0.0
4.89747012068e-30,0.999910008099,0.0
7.35686804787e-31,0.999910008099,0.0
5.74503569525e-30,0.999910008099,0.0
1.57112376813e-30,0.0,0.0
2.439535069e-30,0.999910008099,0.0
4.06457971134e-30,0.999910008099,0.0
4.48528088065e-30,0.999910008099,0.0
2.88043583864e-30,0.999910008099,0.0
9.32494080808e-30,0.999910008099,0.0
6.22422944867e-30,0.999910008099,0.0
4.17724227656e-30,0.999910008099,0.0
4.19632845159e-30,0.999910008099,0.0
1.10628576858e-29,0.999910008099,0.0
3.87437362908e-30,0.999910008099,0.0
1.36910543182e-30,0.999910008099,0.0
3.36424775344e-30,0.999910008099,1.0
5.52339342401e-30,0.999910008099,0.0
4.55464769705e-30,0.99995700387,1.0
1.09302084479e-29,0.999910008099,0.0
1.5724749254e-30,0.999910008099,0.0
3.11773456764e-30,0.999910008099,0.0
4.30114404357e-30,0.999910008099,0.0
6.83184653247e-30,0.999910008099,0.0
9.35539909218e-30,0.999910008099,0.0
9.57972028669e-30,0.99994300513,1.0
2.71001513338e-30,0.999910008099,0.0
7.98126876039e-30,0.999914007739,1.0
1.09102222749e-31,0.999910008099,0.0
1.86563415397e-30,0.999910008099,0.0
9.34709164516e-30,0.999910008099,0.0
6.02876018463e-30,0.999910008099,0.0
6.17190248014e-30,0.999910008099,0.0
2.93792038383e-30,0.999910008099,0.0
5.91779373371e-30,0.999910008099,0.0
2.1793461252e-30,0.99995700387,1.0
4.31666759407e-30,0.999910008099,0.0
4.43998100534e-30,0.0,0.0
3.28762225157e-30,0.999910008099,0.0
4.7319057847e-30,0.999910008099,0.0
8.83639726072e-30,0.99995700387,1.0
5.95436273942e-30,0.999910008099,0.0
1.04494231064e-29,0.999910008099,0.0
9.7119449343e-30,0.999910008099,0.0
3.98485217697e-30,0.999910008099,0.0
5.11925049593e-30,0.999914007739,1.0
5.15583677388e-30,0.999914007739,1.0
2.9839523029e-30,0.999910008099,0.0
8.77018079356e-30,0.999910008099,0.0
9.32742392808e-30,0.999910008099,0.0
7.02827227294e-31,0.999910008099,0.0
3.87346504373e-30,0.999910008099,0.0
5.04262383824e-30,0.999910008099,0.0
5.93128317442e-30,0.99995700387,1.0
9.31078494512e-30,0.99994300513,1.0
2.12834078884e-30,0.999910008099,0.0
5.92477472132e-30,0.999910008099,0.0
3.83698304658e-30,0.999910008099,0.0
9.79877113689e-30,0.999910008099,0.0
2.96619289766e-31,0.99995700387,1.0
5.24365943356e-30,0.999910008099,0.0
4.70012900184e-30,0.999914007739,1.0
4.40476782155e-30,0.999910008099,0.0
2.45949495975e-30,0.999910008099,0.0
3.83197358905e-30,0.999910008099,0.0
1.10627773934e-29,0.999910008099,0.0
1.06082416297e-29,0.999929006389,1.0
4.17729033908e-30,0.999910008099,0.0
0.12575208757,0.999910008099,0.0
0.125752087486,0.999910008099,0.0
2.29558076546e-30,0.999910008099,0.0
2.87661964357e-30,0.999910008099,0.0
1.10250901617e-29,0.999910008099,0.0
6.13929303823e-30,0.999910008099,0.0
3.07773861447e-30,0.999910008099,0.0
9.06900104773e-30,0.999910008099,0.0
9.49711186831e-30,0.999910008099,0.0
6.26067366741e-30,0.999910008099,0.0
8.8510672765e-30,0.999910008099,0.0
1.95596828223e-30,0.999910008099,0.0
3.00288257256e-30,0.999910008099,0.0
2.09968125331e-30,0.999910008099,0.0
1.05805637208e-29,1.0,1.0
1.87822552402e-30,0.0,0.0
9.06109207121e-30,0.999910008099,0.0
1.09471198285e-29,0.999910008099,0.0
1.83615534442e-30,0.999914007739,1.0
9.04741921015e-30,0.999910008099,0.0
3.21896927847e-30,0.999910008099,0.0
2.04314145491e-30,0.999910008099,0.0
4.72289809814e-30,0.999910008099,0.0
3.65535628282e-30,0.999910008099,0.0
5.29604894338e-30,0.999914007739,1.0
5.58558198628e-30,0.999910008099,0.0
1.1983974422e-30,0.999910008099,0.0
6.6836430987e-30,0.999910008099,0.0
5.65192102041e-30,0.999910008099,0.0
9.09176393631e-30,0.999910008099,0.0
4.16287607244e-30,0.999910008099,0.0
1.37934731041e-30,0.999910008099,0.0
4.67713731449e-30,0.999910008099,0.0
6.02405915908e-30,0.999910008099,0.0
2.28861823252e-30,0.999910008099,0.0
4.24264834673e-30,0.99995700387,1.0
9.7878704952e-30,0.999910008099,0.0
3.49359479827e-30,0.999910008099,0.0
9.07894079665e-30,0.999910008099,0.0
5.91560443982e-32,0.999910008099,0.0
5.90522616583e-30,0.999910008099,0.0
5.88501313909e-30,0.999910008099,0.0
3.98830460268e-30,0.999910008099,0.0
4.09608690776e-30,0.999929006389,1.0
8.83453180578e-30,0.0,0.0
5.45464251972e-30,0.999910008099,0.0
6.20423545094e-30,0.99995700387,1.0
6.14148715049e-30,0.999910008099,0.0
4.166391001e-30,0.999910008099,0.0
1.02085145683e-29,0.999910008099,0.0
8.8551954656e-30,0.99995700387,1.0
1.34783544342e-30,0.999910008099,0.0
6.1220049703e-30,0.999910008099,0.0
1.0,0.999910008099,0.0
9.17839704929e-30,0.999910008099,0.0
5.83775223953e-30,0.999910008099,0.0
4.01267771141e-30,0.999910008099,0.0
9.05233934157e-30,0.999910008099,0.0
8.33197172031e-30,0.999910008099,0.0
4.62905965059e-30,0.999910008099,0.0
2.29200546831e-30,0.999910008099,0.0
1.10982700752e-29,0.999910008099,0.0
5.82021652796e-30,0.999910008099,0.0
8.94917956987e-30,0.0,0.0
6.00475442505e-30,0.999910008099,0.0
0.12575208757,0.999910008099,0.0
8.87314317459e-30,0.0,0.0
1.84422999312e-30,0.99995700387,1.0
6.2171272391e-30,0.999910008099,0.0
6.58384259554e-32,0.999910008099,0.0
0.12575208757,0.999910008099,0.0
4.21811731068e-30,0.999910008099,0.0
1.21619951811e-30,0.999910008099,0.0
5.83797173263e-30,0.999910008099,0.0
3.02506597355e-30,0.999910008099,0.0
8.70949480073e-30,0.99995700387,1.0
0.125759762551,0.0,0.0
5.27265915503e-30,0.999910008099,0.0
4.02672833284e-30,0.999910008099,0.0
1.10058140039e-29,0.999910008099,0.0
5.45192860856e-30,0.999910008099,0.0
5.14888095709e-30,0.999914007739,1.0
4.66645997921e-30,0.999914007739,1.0
1.95914154387e-30,0.999910008099,0.0
5.02586610458e-30,0.0,0.0
5.41830590143e-30,0.999910008099,0.0
5.68003510144e-30,0.999910008099,0.0
5.56736345818e-30,0.999910008099,0.0
5.69942821565e-30,0.999910008099,0.0
5.5077519771e-30,0.999910008099,0.0
4.73212784366e-30,0.999910008099,0.0
3.8754109507e-30,0.999910008099,0.0
2.43665597341e-30,0.999910008099,0.0
5.80928250352e-30,0.999910008099,0.0
9.11459746872e-30,0.999910008099,0.0
8.84503479875e-30,0.99995700387,1.0
1.10061561142e-29,0.999910008099,0.0
6.09484409335e-30,0.999910008099,0.0
1.35789871708e-30,0.99995700387,1.0
1.06082416297e-29,0.999929006389,1.0
9.0808135767e-30,0.999910008099,0.0
5.83782149402e-30,0.999910008099,0.0
1.09268500692e-29,0.999910008099,0.0
5.1502294746e-30,0.999910008099,0.0
6.13911884669e-30,0.999910008099,0.0
3.02336184835e-30,0.999910008099,0.0
5.56228526641e-30,0.999910008099,0.0
6.13751683846e-30,0.999910008099,0.0
4.08016022505e-30,0.999910008099,0.0
8.52397642107e-30,0.999910008099,0.0
1.05034465528e-29,0.999910008099,0.0
5.55662261203e-30,0.999910008099,0.0
6.93742048006e-30,0.999910008099,0.0
4.74615636266e-30,0.999910008099,0.0
5.59468547864e-30,0.999910008099,0.0
4.51936733393e-30,0.999910008099,0.0
1.08872786353e-29,0.999910008099,0.0
8.48778325726e-30,0.999910008099,0.0
1.34186589716e-30,0.999910008099,0.0
1.57112528755e-30,0.999914007739,1.0
1.05357859619e-29,0.0,0.0
6.13939403782e-30,0.999910008099,0.0
6.16464545893e-30,0.999910008099,0.0
1.56377092931e-30,0.999910008099,0.0
6.81327999374e-30,0.999910008099,0.0
5.82962854689e-30,0.999910008099,0.0
0.141530695695,0.999910008099,0.0
5.54798845277e-30,0.999910008099,0.0
1.10321830597e-29,0.999910008099,0.0
8.70620507933e-30,0.999910008099,0.0
1.10748490414e-29,0.999910008099,0.0
2.9212705019e-30,0.999910008099,0.0
5.82083795312e-30,0.999910008099,0.0
9.4382530554e-30,0.999910008099,0.0
9.11494730028e-30,0.999910008099,0.0
1.56883191091e-30,0.999910008099,0.0
9.81618193438e-30,0.99995700387,1.0
9.07386852291e-30,0.999910008099,0.0
7.79601231986e-30,0.999910008099,0.0
9.5535409417e-30,0.999910008099,0.0
5.63128118345e-30,0.999910008099,0.0
4.19780606009e-30,0.999910008099,0.0
8.74827208412e-30,0.999910008099,0.0
4.01602530648e-30,0.999910008099,0.0
1.06082416297e-29,0.999929006389,1.0
9.0808135767e-30,0.999910008099,0.0
5.83782149402e-30,0.999910008099,0.0
1.09268500692e-29,0.999910008099,0.0
5.1502294746e-30,0.999910008099,0.0
6.13911884669e-30,0.999910008099,0.0
3.02336184835e-30,0.0,0.0
5.56228526641e-30,0.999910008099,0.0
6.13751683846e-30,0.999910008099,0.0
4.08016022505e-30,0.999910008099,0.0
8.52397642107e-30,0.999910008099,0.0
1.05034465528e-29,0.999910008099,0.0
5.55662261203e-30,0.999910008099,0.0
1.06082416297e-29,0.999929006389,1.0
8.52437705837e-30,0.99995700387,1.0
6.23443069626e-30,0.999910008099,0.0
5.56196849244e-30,0.999910008099,0.0
1.72825310325e-30,0.999910008099,0.0
4.09777576493e-30,0.999910008099,0.0
4.62646756445e-30,0.999910008099,0.0
5.64402143233e-30,0.999910008099,0.0
9.70657379143e-30,0.999910008099,0.0
5.55566908279e-30,0.999910008099,0.0
9.12447097537e-30,0.999910008099,0.0
5.60736475294e-30,0.999910008099,0.0
6.07254414096e-32,0.999910008099,0.0
4.74525964588e-30,0.999910008099,0.0
6.14532123561e-30,0.999910008099,0.0
9.10185618523e-30,0.999910008099,0.0
6.23986458439e-30,0.99995700387,1.0
1.73467694811e-30,0.999910008099,0.0
2.71578363528e-30,0.999910008099,0.0
7.53303790174e-30,0.999910008099,0.0
5.62694151807e-30,0.999910008099,0.0
2.62910324904e-31,0.99995700387,1.0
4.71357642812e-30,0.999910008099,0.0
7.18486723876e-31,0.999910008099,0.0
5.68052212357e-30,0.999910008099,0.0
5.59414558152e-30,0.999910008099,0.0
1.05213223587e-29,0.999910008099,0.0
4.25504895358e-30,0.999910008099,0.0
4.44257422957e-30,0.999910008099,0.0
1.87158639252e-30,0.999910008099,0.0
5.54356809887e-30,0.999910008099,0.0
5.62493617367e-30,0.0,0.0
8.21591538347e-30,0.999910008099,0.0
7.01935028837e-30,0.999910008099,0.0
7.49951047126e-30,0.999910008099,0.0
1.78966557063e-30,0.999910008099,0.0
1.87799280551e-30,0.999929006389,1.0
4.50089632017e-30,0.999910008099,0.0
2.92192647744e-30,0.999910008099,0.0
4.53482682373e-30,0.999910008099,0.0
8.74889305996e-30,0.999910008099,0.0
5.88766125433e-30,0.999910008099,0.0
3.33863621961e-30,0.999910008099,0.0
1.00089016165e-29,0.999910008099,0.0
0.125752087486,0.999910008099,0.0
5.7545434372e-30,0.999910008099,0.0
7.34153208577e-31,0.999910008099,0.0
5.32170883239e-30,0.999910008099,0.0
8.73869243018e-30,0.99995700387,1.0
3.47677955453e-30,0.999910008099,0.0
7.18900583614e-31,0.999910008099,0.0
4.43614224373e-30,0.999910008099,0.0
4.10713168677e-30,0.99995700387,1.0
2.57495624833e-30,0.999910008099,0.0
9.09190687051e-30,0.999910008099,0.0
4.07276976745e-30,0.999910008099,0.0
7.70529722095e-30,0.999910008099,0.0
1.06082416297e-29,0.999929006389,1.0
2.82709001201e-31,0.999910008099,0.0
3.90529201747e-30,0.999910008099,0.0
5.65897949217e-30,0.999910008099,0.0
5.39425203203e-30,0.999910008099,0.0
5.89884513945e-30,0.999910008099,0.0
1.08274638898e-29,0.999910008099,0.0
5.40089891726e-30,0.999910008099,0.0
9.33994979782e-30,0.999910008099,0.0
0.12575208757,0.999910008099,0.0
8.95788898737e-30,0.999910008099,0.0
9.0919248788e-30,0.999910008099,0.0
5.89292042474e-30,0.999910008099,0.0
5.93678151049e-30,0.999910008099,0.0
1.10504503332e-29,0.999910008099,0.0
5.59302071924e-30,0.999910008099,0.0
1.07905838627e-29,0.999910008099,0.0
8.87385453481e-30,0.999910008099,0.0
5.51031914074e-30,0.999910008099,0.0
4.75250640957e-30,0.999910008099,0.0
9.37452360727e-30,0.99995700387,1.0
6.13991561034e-30,0.999910008099,0.0
8.49960261472e-30,0.999910008099,0.0
4.15913618797e-30,0.999910008099,0.0
8.84048279392e-30,0.999910008099,0.0
8.86051935887e-30,0.999910008099,0.0
5.91266401197e-30,0.999910008099,0.0
6.45564924045e-30,0.999910008099,0.0
5.52592141103e-30,0.999910008099,0.0
4.26284200243e-30,0.999910008099,0.0
6.12229216597e-30,0.999910008099,0.0
3.06027285206e-30,0.999910008099,0.0
5.4878072391e-30,0.999910008099,0.0
5.28947760905e-30,0.999910008099,0.0
4.6664385212e-30,0.999910008099,0.0
9.42812500272e-32,0.999910008099,0.0
9.0581869032e-30,0.999910008099,0.0
5.73992506077e-30,0.999910008099,0.0
5.59299233519e-30,0.999910008099,0.0
4.55115442456e-30,0.999929006389,1.0
6.24411897641e-30,0.999910008099,0.0
4.72669707713e-30,0.999910008099,0.0
6.81333028218e-30,0.999910008099,0.0
1.3622211516e-30,0.999910008099,0.0
4.35467094935e-30,0.999910008099,0.0
5.32170877326e-30,0.999910008099,0.0
1.79719517276e-30,0.999910008099,0.0
4.09781415523e-30,0.999910008099,0.0
4.20347688207e-30,0.999910008099,0.0
5.76711190372e-30,0.999910008099,0.0
1.07849037498e-29,0.999914007739,1.0
2.25439448519e-30,1.0,1.0
9.3563274772e-30,0.999910008099,0.0
4.26937978848e-30,0.999910008099,0.0
2.99343518146e-30,0.999910008099,0.0
1.56373890044e-30,0.999910008099,0.0
6.21602371364e-30,0.999910008099,0.0
2.53740064102e-31,0.999910008099,0.0
3.97219977027e-30,0.999910008099,0.0
2.11764848114e-30,0.999910008099,0.0
5.1136258919e-30,0.999910008099,0.0
7.59471197125e-30,0.999910008099,0.0
9.68019382775e-30,0.999910008099,0.0
1.00475691682e-29,0.999929006389,1.0
9.17839711136e-30,0.999910008099,0.0
2.47740732908e-30,0.99995700387,1.0
5.59392243472e-30,0.999910008099,0.0
1.83520453475e-30,0.999910008099,0.0
2.25354194076e-30,0.999910008099,0.0
2.04740981725e-30,0.999929006389,1.0
5.94015354033e-30,0.999910008099,0.0
1.35800919378e-30,0.99995700387,1.0
5.26029978813e-30,0.999910008099,0.0
9.47621897813e-30,0.999910008099,0.0
8.74841853603e-30,0.999910008099,0.0
8.73869271397e-30,0.999910008099,0.0
1.00851295436e-29,0.0,0.0
3.02660789402e-30,0.999910008099,0.0
6.02800477621e-30,0.999910008099,0.0
7.68800449722e-30,0.999910008099,0.0
4.24291366758e-30,0.999910008099,0.0
1.1102259105e-29,0.999910008099,0.0
2.803700806e-31,0.999910008099,0.0
5.66851692771e-30,0.999910008099,0.0
2.93376036096e-30,0.999910008099,0.0
8.85028666475e-30,0.999910008099,0.0
3.10269445653e-30,0.999910008099,0.0
4.6481406614e-30,0.999910008099,0.0
4.75244177244e-30,0.999910008099,0.0
9.1132848673e-30,0.999910008099,0.0
9.17839711432e-30,0.999910008099,0.0
0.12575208757,0.999910008099,0.0
9.73057768279e-30,0.999910008099,0.0
3.02671706414e-30,0.999910008099,0.0
6.12905995687e-30,0.999910008099,0.0
9.07353761308e-30,0.999910008099,0.0
4.41777903735e-30,0.999910008099,0.0
8.76983901135e-30,0.999910008099,0.0
8.73158605848e-30,0.0,0.0
1.33997041164e-30,0.999910008099,0.0
5.42688665362e-30,0.999910008099,0.0
1.06082416297e-29,0.999929006389,1.0
5.88891231066e-30,0.999910008099,0.0
3.55899827598e-30,0.999910008099,0.0
2.27983172993e-30,0.999910008099,0.0
1.10628234014e-29,0.999910008099,0.0
5.72909386866e-30,0.999910008099,0.0
7.71485277711e-30,0.999910008099,0.0
1.10302272263e-29,0.999910008099,0.0
5.243665727e-30,0.999910008099,0.0
0.12575208757,0.999910008099,0.0
1.10819608315e-29,0.999910008099,0.0
8.83446447272e-30,0.999910008099,0.0
2.32469826214e-30,0.999910008099,0.0
4.73714162e-30,0.999910008099,0.0
0.125752087486,0.999910008099,0.0
2.47012792462e-30,0.99995700387,1.0
5.22889498064e-30,0.999910008099,0.0
8.68287358737e-30,0.999910008099,0.0
1.01084095943e-29,0.999929006389,1.0
1.01097937263e-29,0.999910008099,0.0
3.66376439835e-30,0.999910008099,0.0
6.07116719209e-30,0.999910008099,0.0
5.1127433021e-30,0.999910008099,0.0
1.08131853919e-29,0.99995700387,1.0
1.34432013352e-30,0.999910008099,0.0
2.10525855452e-30,0.999914007739,1.0
6.01140819198e-30,0.999910008099,0.0
4.40086354487e-30,0.999910008099,0.0
4.68780313001e-30,0.999910008099,0.0
9.15884011042e-30,0.999910008099,0.0
8.84071254454e-30,0.999910008099,0.0
5.27977927535e-30,0.999910008099,0.0
3.04272406881e-30,0.999910008099,0.0
2.80228432284e-31,0.999910008099,0.0
9.48975688635e-30,0.999910008099,0.0
4.71137329989e-30,0.999910008099,0.0
8.8683961794e-30,0.999910008099,0.0
8.44689800109e-30,0.999914007739,1.0
4.5954656113e-30,0.999910008099,0.0
8.84394794841e-30,0.999910008099,0.0
1.06082416297e-29,0.999929006389,1.0
8.84114907428e-30,0.999910008099,0.0
5.65279735815e-30,0.999910008099,0.0
2.93429918799e-30,0.999910008099,0.0
8.84293911726e-30,0.999910008099,0.0
9.10896433352e-30,0.999910008099,0.0
3.05598032692e-30,0.99995700387,1.0
6.59508677239e-30,0.99995700387,1.0
1.0852227804e-29,0.999910008099,0.0
4.44507461293e-30,0.999910008099,0.0
5.52459271387e-30,0.999910008099,0.0
5.80476790167e-30,0.999910008099,0.0
9.30888809686e-30,0.999910008099,0.0
9.4464376901e-30,0.999910008099,0.0
6.14494932527e-30,0.999910008099,0.0
3.55366898495e-30,0.999910008099,0.0
6.0844154245e-30,0.99995700387,1.0
5.46601665072e-30,0.999910008099,0.0
4.56024992965e-30,0.999910008099,0.0
1.22751103689e-30,0.999910008099,0.0
6.16146199298e-30,0.999910008099,0.0
4.52805056077e-30,0.999910008099,0.0
5.63914711387e-30,0.999910008099,0.0
1.36115595141e-30,0.999910008099,0.0
8.57657823488e-32,0.99995700387,1.0
1.06082416297e-29,0.999929006389,1.0
3.82675832495e-30,0.999910008099,0.0
1.0,0.999910008099,0.0
3.94808405425e-30,0.999910008099,0.0
3.93977676094e-30,0.999910008099,0.0
8.47588570324e-30,0.999910008099,0.0
4.64325983075e-30,0.999910008099,0.0
5.15717267494e-30,0.99997100261,1.0
1.3643609345e-30,0.999910008099,0.0
5.44512912874e-30,0.999910008099,0.0
3.52807632555e-30,0.999910008099,0.0
6.23061525203e-30,0.999910008099,0.0
2.07451310136e-30,0.999910008099,0.0
9.71944559369e-30,0.999910008099,0.0
2.07325974226e-30,0.999914007739,1.0
8.48159102239e-30,0.999910008099,0.0
3.99690464904e-30,0.999910008099,0.0
1.8555081055e-30,0.99995700387,1.0
5.93178632776e-30,0.99995700387,1.0
9.32840080425e-30,0.999910008099,0.0
9.26848572731e-30,0.999910008099,0.0
9.59208477349e-30,0.999910008099,0.0
5.14882089002e-30,0.99995700387,1.0
8.74247349843e-30,0.999910008099,0.0
9.27810695522e-30,0.999910008099,0.0
8.77023454058e-30,0.999910008099,0.0
4.39887392078e-30,0.999910008099,0.0
8.44709341121e-30,0.999910008099,0.0
8.78271235667e-30,0.999910008099,0.0
4.83536750575e-30,0.999910008099,0.0
9.39328657005e-30,0.999910008099,0.0
5.59488091831e-30,0.999910008099,0.0
4.24115522484e-30,0.999910008099,1.0
9.18314595113e-30,0.999910008099,0.0
9.01427382633e-30,0.999910008099,0.0
9.09147701555e-30,1.0,1.0
4.95915899707e-30,0.999910008099,0.0
1.0597896165e-29,0.999910008099,0.0
5.20525800093e-30,0.99995700387,1.0
3.89832721723e-30,0.999929006389,1.0
2.3136089058e-30,0.999910008099,0.0
4.44827169743e-30,0.999910008099,0.0
2.45812441962e-30,0.999910008099,0.0
1.05969884044e-29,0.999910008099,0.0
4.63944907779e-30,0.999910008099,0.0
8.47588568254e-30,0.999910008099,0.0
8.78640690115e-30,0.999910008099,0.0
2.05081278813e-30,0.99995700387,1.0
1.05731892495e-29,0.999910008099,0.0
2.43980130919e-30,0.99994300513,1.0
1.86215858825e-30,0.999910008099,0.0
4.6863300561e-30,0.999910008099,0.0
3.08778390939e-30,0.999910008099,0.0
4.03554179171e-30,0.999910008099,0.0
3.93994991786e-30,0.0,0.0
7.49874317358e-30,0.999910008099,0.0
9.46806881696e-30,0.999910008099,0.0
9.47378826015e-30,0.999910008099,0.0
8.50283197049e-30,0.999910008099,0.0
3.82555740334e-30,0.999910008099,0.0
8.91225713804e-30,0.999910008099,0.0
4.64813349888e-30,0.999910008099,0.0
8.5492880541e-30,0.99995700387,1.0
2.94593460483e-30,0.999910008099,0.0
8.74006974264e-30,0.999910008099,0.0
3.9049376868e-30,0.999910008099,0.0
1.94278209449e-30,0.999910008099,0.0
2.4701217169e-30,0.99995700387,1.0
8.35538379437e-30,0.999910008099,0.0
9.47935929748e-30,0.999910008099,0.0
3.24163012102e-30,0.999910008099,0.0
8.87318050367e-30,0.999910008099,0.0
9.30719601464e-30,0.999910008099,0.0
4.54147794795e-30,0.999910008099,0.0
1.86357634843e-30,0.999910008099,0.0
4.14871035103e-30,0.999910008099,0.0
9.20089933783e-30,0.99995700387,1.0
1.04164766179e-29,0.999910008099,0.0
1.2529010261e-31,0.99995700387,1.0
4.64280338311e-30,0.999914007739,1.0
8.08025614699e-30,0.999910008099,0.0
4.0508837014e-30,0.999910008099,1.0
7.49194616798e-30,0.999910008099,0.0
1.04989566665e-29,0.999910008099,0.0
3.11771867292e-30,0.999910008099,0.0
1.05668792483e-29,0.999910008099,0.0
8.8881218411e-30,0.999910008099,0.0
1.08039717865e-29,0.999910008099,0.0
9.47917795524e-30,0.999910008099,0.0
4.70889327784e-30,0.999910008099,0.0
5.7396088248e-30,0.99995700387,1.0
5.22847526791e-30,0.99995700387,1.0
3.96925326181e-30,0.999910008099,0.0
9.19508980587e-30,0.999910008099,0.0
2.31363678141e-30,0.999910008099,0.0
4.5872531808e-30,0.999910008099,0.0
9.32592334806e-30,0.999910008099,0.0
4.74210569024e-30,0.999910008099,0.0
4.47706904136e-30,0.999910008099,0.0
7.77740993303e-30,0.999910008099,0.0
8.98520277522e-30,0.999910008099,0.0
1.06082416297e-29,0.999929006389,1.0
3.48569425242e-30,0.999910008099,0.0
8.37689623557e-30,0.999910008099,0.0
2.50363638608e-31,0.999910008099,0.0
4.14254991446e-30,0.999910008099,0.0
1.95543838841e-30,0.999910008099,0.0
7.24059555531e-30,0.99995700387,1.0
3.78550934081e-30,0.999910008099,0.0
9.29544238805e-30,0.999910008099,0.0
3.38877311386e-30,0.999910008099,0.0
9.68346420472e-30,0.99995700387,1.0
8.91198828766e-30,0.999910008099,0.0
1.09617239331e-29,0.999910008099,0.0
5.25141104441e-30,0.999910008099,0.0
4.63657629338e-30,0.99995700387,1.0
9.33106406337e-30,0.999910008099,0.0
4.49281133413e-30,0.99995700387,1.0
9.28857516428e-30,0.999910008099,0.0
1.01164290386e-29,0.999910008099,0.0
5.41796972686e-30,0.999910008099,0.0
2.81471483611e-31,0.99995700387,1.0
1.14877644781e-31,0.999910008099,0.0
4.35062750153e-30,0.999910008099,0.0
9.38240619803e-30,0.999910008099,0.0
7.08050379337e-30,0.999910008099,0.0
3.81333193397e-30,0.999910008099,0.0
1.00306523839e-29,0.999910008099,0.0
8.54769021096e-30,0.999910008099,0.0
3.4803690644e-30,0.999910008099,0.0
5.15704752437e-30,0.99995700387,1.0
5.04408236835e-30,0.999910008099,0.0
9.17577142668e-30,0.999910008099,0.0
3.94349754928e-30,0.999910008099,0.0
5.57268246508e-30,0.999910008099,0.0
4.51943881729e-30,0.999910008099,0.0
5.70236648558e-30,0.999910008099,0.0
5.26696802791e-30,0.99995700387,1.0
5.04326005846e-30,0.999910008099,0.0
4.33732055592e-30,0.99995700387,1.0
1.07874253103e-29,0.99994300513,1.0
1.08056856548e-29,0.999910008099,0.0
4.07239452268e-30,0.999910008099,0.0
5.63778407621e-30,0.99995700387,1.0
9.80665820312e-30,0.999910008099,0.0
7.50043998254e-30,0.999910008099,0.0
1.07632484956e-29,0.999910008099,0.0
2.73628923771e-31,0.999910008099,0.0
8.86730693761e-30,0.99995700387,1.0
8.78552864493e-30,0.99995700387,1.0
3.5586897228e-30,0.999910008099,0.0
8.90740887131e-30,0.999910008099,0.0
3.82435378581e-30,0.999914007739,1.0
4.62884966712e-30,0.99995700387,1.0
8.88571657477e-30,0.999910008099,0.0
8.8251861651e-30,0.999910008099,0.0
2.43679037348e-30,0.999910008099,0.0
9.97279067248e-30,0.999910008099,0.0
8.85700862199e-30,0.999910008099,0.0
9.47378904351e-30,0.999910008099,0.0
9.31070074776e-30,0.99995700387,1.0
3.86186521781e-30,0.999910008099,0.0
8.91834075852e-30,0.999910008099,0.0
7.24072454875e-30,0.99995700387,1.0
1.57784746354e-30,0.999910008099,0.0
8.70171506005e-30,0.999910008099,0.0
1.06082416297e-29,0.999929006389,1.0
8.8512607238e-30,0.999910008099,0.0
3.8263282069e-30,0.999910008099,0.0
2.07325971861e-30,0.999914007739,1.0
9.38929547103e-30,0.999910008099,0.0
9.65558751572e-30,0.999910008099,0.0
6.24407595692e-30,0.999910008099,0.0
3.82708910767e-30,0.999910008099,0.0
1.34790964044e-30,0.999910008099,0.0
4.29684038001e-30,0.999910008099,0.0
2.06125723345e-30,0.999910008099,0.0
1.06040252467e-29,0.0,0.0
6.10070957164e-30,0.999910008099,0.0
9.68346436435e-30,0.99995700387,1.0
7.03603662144e-31,0.999910008099,0.0
7.19973531625e-31,0.999910008099,0.0
3.46162328519e-30,0.999910008099,0.0
9.27621058289e-30,0.999910008099,0.0
8.47588568846e-30,0.999910008099,0.0
1.0535803107e-29,0.999910008099,0.0
5.44983910523e-30,0.999910008099,0.0
5.14941373898e-30,0.99995700387,1.0
4.42695824909e-30,0.999910008099,0.0
7.88561152222e-30,0.99995700387,1.0
1.57657483982e-30,0.999910008099,0.0
4.66604275253e-30,0.999910008099,0.0
1.5631311766e-30,0.999910008099,0.0
9.06515121865e-30,0.999910008099,0.0
4.17124832805e-30,0.999910008099,0.0
5.66512210372e-32,0.999910008099,0.0
4.28857303484e-30,0.999910008099,0.0
6.15600370556e-30,0.999910008099,0.0
4.39594983992e-30,0.999910008099,0.0
5.1895126516e-30,0.999910008099,0.0
4.04259838933e-30,0.999910008099,0.0
4.12108650242e-30,0.999910008099,0.0
2.28759197246e-30,0.999910008099,0.0
1.06082416297e-29,0.999929006389,1.0
4.72231398432e-30,0.999910008099,0.0
3.36026579159e-30,0.999910008099,0.0
2.62787660383e-31,0.999910008099,0.0
4.35571811759e-30,0.999910008099,0.0
2.33320968889e-30,0.999910008099,0.0
9.93497437941e-30,0.999910008099,0.0
9.80070354947e-30,0.99995700387,1.0
0.125752087486,0.999910008099,0.0
0.12575208757,0.999910008099,0.0
0.12575208757,0.999910008099,0.0
0.12575208757,0.999910008099,0.0
0.12575208757,0.999910008099,0.0
4.45574521135e-30,0.999910008099,0.0
5.43923115747e-30,0.999910008099,0.0
0.125752087513,0.999910008099,0.0
2.3162191037e-30,0.999910008099,0.0
3.87917103686e-30,0.999910008099,0.0
4.14954886602e-30,0.999910008099,0.0
1.00994232859e-29,0.99995700387,1.0
4.35443337405e-30,0.999910008099,0.0
0.125752087513,0.999910008099,0.0
0.12575208757,0.999910008099,0.0
0.125752087513,0.999910008099,0.0
0.12575208757,0.999910008099,0.0
0.12575208757,0.999910008099,0.0
0.12575208757,0.999910008099,0.0
3.88731590373e-30,0.999910008099,0.0
0.12575208757,0.999910008099,0.0
4.41771743018e-30,0.999910008099,0.0
0.125752087486,0.999910008099,0.0
5.2265698057e-30,0.999910008099,0.0
2.9112652645e-30,0.999910008099,0.0
9.3867599165e-30,0.999910008099,0.0
1.94268687991e-30,0.99995700387,1.0
9.34776100573e-30,0.999910008099,0.0
3.98933637873e-30,0.999910008099,0.0
8.36948022877e-30,0.999910008099,0.0
3.61627993224e-30,0.999910008099,0.0
4.52605790672e-30,0.999910008099,0.0
1.34571490741e-30,0.999910008099,0.0
8.6206528898e-30,0.999910008099,0.0
7.07468214157e-30,0.999910008099,0.0
5.93147225857e-30,0.99995700387,1.0
4.03707295213e-30,0.0,0.0
2.572540488e-30,0.0,0.0
1.06082416297e-29,0.999929006389,1.0
3.91824911379e-30,0.999910008099,0.0
0.12575208757,0.999910008099,0.0
3.5067527202e-30,0.999910008099,0.0
3.97057277745e-30,0.999910008099,0.0
3.99620187617e-30,0.999910008099,0.0
8.91222514168e-30,0.999910008099,0.0
0.12575208757,0.999910008099,0.0
9.3784586299e-30,0.999910008099,0.0
5.25126967987e-30,0.999910008099,0.0
9.28539368776e-30,0.999910008099,0.0
1.09971672075e-29,0.999910008099,0.0
4.62709835143e-30,0.999910008099,0.0
3.9193945916e-30,0.999910008099,0.0
8.83953104423e-30,0.999910008099,0.0
3.93999341623e-30,0.999910008099,0.0
0.12575208757,0.999910008099,0.0
5.41819655986e-30,0.999910008099,0.0
1.0605309402e-29,0.999910008099,0.0
4.42088648831e-30,0.999910008099,0.0
3.4613348864e-30,0.999910008099,0.0
4.64243105892e-30,0.999910008099,0.0
9.35628947119e-30,0.999910008099,0.0
1.81439442598e-30,0.999910008099,0.0
8.99859705751e-30,0.999910008099,0.0
1.81428137455e-30,0.999910008099,0.0
2.57499107068e-30,0.999910008099,0.0
5.92000542564e-30,0.999910008099,0.0
2.98519938037e-30,0.999910008099,0.0
3.2858604744e-30,0.999910008099,0.0
8.3815773107e-30,0.999910008099,0.0
9.19026972514e-30,0.999929006389,1.0
8.89878703585e-30,0.0,0.0
1.8143613477e-30,0.999910008099,0.0
1.04470918745e-31,0.999910008099,0.0
1.81432611742e-30,0.999910008099,0.0
0.125752087513,0.999910008099,0.0
1.81437395233e-30,0.999910008099,0.0
2.23707685965e-30,0.999910008099,0.0
4.54140997343e-30,0.999910008099,0.0
6.88014444327e-30,0.999910008099,0.0
6.17806586685e-30,0.999910008099,0.0
5.31115480605e-30,0.999910008099,0.0
8.22741354173e-30,0.999910008099,0.0
5.9496820338e-30,0.999910008099,0.0
9.46097709252e-30,0.999910008099,0.0
4.64715566494e-30,0.999910008099,0.0
4.35171216439e-30,0.999910008099,0.0
4.50004712199e-30,0.999910008099,0.0
4.62665422759e-30,0.999910008099,0.0
8.76252069927e-30,0.999910008099,0.0
9.33541525442e-30,0.999910008099,0.0
0.12575208757,0.999910008099,0.0
4.28951273269e-30,0.999910008099,0.0
8.79283784645e-30,0.99995700387,1.0
4.04213115208e-30,0.999910008099,0.0
1.06082416297e-29,0.999929006389,1.0
1.0609886891e-29,0.999910008099,0.0
4.22686875444e-30,0.999910008099,0.0
1.05904110693e-29,0.999910008099,0.0
5.6629709873e-30,0.999910008099,0.0
3.39142453693e-30,0.999910008099,0.0
5.17728971261e-32,0.999910008099,0.0
3.88702255651e-30,0.999914007739,1.0
3.85306972585e-30,0.999910008099,0.0
1.77359175612e-30,0.999910008099,0.0
0.12575208757,0.999910008099,0.0
2.94849067439e-30,0.999910008099,0.0
4.72281672972e-30,0.99995700387,1.0
9.18464044758e-30,0.999910008099,0.0
8.9118874743e-30,0.999910008099,0.0
3.93002685884e-30,0.999910008099,0.0
8.84530142618e-30,0.999910008099,0.0
4.63001309411e-30,0.999910008099,0.0
1.54245357011e-30,0.999910008099,0.0
5.34736404491e-30,0.999910008099,0.0
8.98462461786e-30,0.999910008099,0.0
7.2407249892e-30,0.99995700387,1.0
4.54142337914e-30,0.999910008099,0.0
1.03836724044e-29,0.99995700387,1.0
4.61937667953e-30,0.999910008099,0.0
4.71729916155e-30,0.999910008099,0.0
3.94238048508e-30,0.999910008099,0.0
3.94099752951e-30,0.999910008099,0.0
4.28952564771e-30,0.999910008099,0.0
3.66840462078e-30,0.999910008099,0.0
3.49514959827e-30,0.999910008099,0.0
4.58418229331e-30,0.999910008099,0.0
9.43693435563e-30,0.999910008099,0.0
3.08202829293e-30,0.999910008099,0.0
1.06082416297e-29,0.999929006389,1.0
3.08202829293e-30,0.999910008099,0.0
8.49945430936e-30,0.999910008099,0.0
9.60141926688e-30,0.999910008099,0.0
2.89990534917e-30,0.999910008099,0.0
5.36136364185e-30,0.999910008099,0.0
8.79898664798e-30,0.999910008099,0.0
3.1090180083e-30,0.999910008099,0.0
1.06082416297e-29,0.999929006389,1.0
5.58056576825e-30,0.99995700387,1.0
1.00846183823e-29,0.999910008099,0.0
3.73205292515e-30,0.999910008099,0.0
3.02269822549e-30,0.999910008099,0.0
3.9893444399e-30,0.999910008099,0.0
5.93139870893e-30,0.999910008099,0.0
8.3817562142e-30,0.999910008099,0.0
2.33657447343e-30,0.999910008099,0.0
5.29691943404e-30,0.999910008099,0.0
1.94501208736e-30,0.99995700387,1.0
9.06152498569e-30,0.99995700387,1.0
1.05380497602e-29,0.99995700387,1.0
5.84696913212e-30,0.99995700387,1.0
1.21585725998e-30,0.999910008099,0.0
7.79604554298e-30,0.999910008099,0.0
1.11055706451e-29,0.99995700387,1.0
9.81309969563e-30,0.999929006389,1.0
7.28762993522e-30,0.999910008099,0.0
1.14693485416e-31,0.999910008099,0.0
1.10944136453e-29,0.99995700387,1.0
6.92606236793e-30,0.999910008099,0.0
8.95570149372e-30,0.999910008099,0.0
2.55430969817e-31,0.999910008099,0.0
1.00846183823e-29,0.0,0.0
1.85551237109e-30,0.99995700387,1.0
1.08789833258e-29,0.999910008099,0.0
5.25097985036e-30,0.999910008099,0.0
6.06091187232e-30,0.999910008099,0.0
9.37120432235e-30,0.999910008099,0.0
3.82475058318e-30,0.99995700387,1.0
6.93780195915e-30,0.999910008099,0.0
5.29721076523e-30,0.999910008099,0.0
6.46776242401e-30,0.99995700387,1.0
5.4624964988e-30,0.999929006389,1.0
2.43665471413e-30,0.999910008099,0.0
2.98381240457e-30,0.999910008099,0.0
4.67482859e-30,0.999914007739,1.0
2.30987716822e-30,0.999910008099,0.0
2.45820204271e-30,0.999910008099,0.0
2.93271654489e-30,0.999910008099,0.0
9.5957929572e-30,0.999910008099,0.0
5.82256004523e-30,0.999914007739,1.0
7.46422682692e-30,0.99995700387,1.0
2.10381141114e-30,0.999910008099,0.0
5.59308659201e-30,0.999910008099,0.0
8.56866339354e-32,0.999929006389,1.0
5.80494943605e-30,0.999910008099,0.0
7.77979296982e-30,0.999910008099,0.0
1.09922226679e-29,0.999910008099,0.0
2.37886016729e-30,0.999910008099,0.0
5.33612644528e-30,0.999910008099,0.0
5.27238655932e-30,0.99995700387,1.0
4.14543632038e-30,0.999910008099,0.0
1.34999988279e-30,0.99995700387,1.0
2.45832054214e-30,0.999910008099,0.0
1.10962193997e-29,0.999910008099,0.0
2.33663579091e-30,0.999910008099,0.0
8.96407594272e-30,0.999910008099,0.0
7.46422682692e-30,0.0,0.0
4.46058066653e-30,0.999910008099,0.0
5.12518368269e-30,0.99995700387,1.0
1.00456394515e-29,0.999914007739,1.0
4.76094086652e-30,0.999910008099,0.0
1.43652714825e-31,0.999910008099,0.0
5.1135600014e-30,0.999929006389,1.0
9.55437745544e-30,0.99995700387,1.0
9.09200798242e-30,0.999910008099,0.0
1.38205455565e-30,0.999910008099,0.0
2.31886150785e-30,0.999910008099,0.0
1.06082416297e-29,0.0,0.0
7.03876833396e-30,0.999910008099,0.0
2.52843969858e-30,0.999910008099,0.0
2.45934683176e-30,0.999910008099,0.0
4.35546476286e-30,0.999910008099,0.0
8.96409219217e-30,0.999910008099,0.0
9.19916034299e-30,0.99995700387,1.0
5.84181360992e-30,0.99995700387,1.0
7.3720858564e-31,0.999910008099,0.0
9.81164014864e-30,0.999910008099,0.0
6.65252907258e-30,0.999910008099,0.0
4.56694411474e-30,0.999910008099,0.0
7.80950296664e-30,0.999910008099,0.0
9.81499924869e-30,0.999914007739,1.0
8.78601401168e-30,0.999910008099,0.0
9.40732559783e-32,0.999910008099,0.0
2.53632457732e-30,0.99995700387,1.0
4.63445014973e-30,0.999910008099,0.0
5.84281921896e-30,0.99995700387,1.0
9.76069512175e-30,0.999910008099,0.0
6.89476284335e-30,0.99997100261,1.0
6.43757478758e-30,0.99994300513,1.0
1.00473442714e-29,0.999910008099,0.0
4.42630221738e-30,0.99995700387,1.0
2.98541440392e-30,0.999910008099,0.0
1.16726956696e-31,0.999910008099,0.0
2.33254093135e-30,0.999910008099,0.0
8.84638067355e-30,0.999910008099,0.0
5.11922258484e-30,0.999910008099,0.0
4.95873572821e-30,0.999910008099,0.0
2.07800524759e-30,0.99995700387,1.0
1.05073754948e-29,0.0,0.0
2.05088652401e-30,0.999910008099,0.0
8.70978110367e-30,0.99994300513,1.0
7.7940166861e-30,0.999910008099,0.0
7.03878122237e-30,0.999910008099,0.0
7.4987467918e-30,0.999910008099,0.0
4.53675186686e-30,0.999910008099,0.0
8.86839402739e-30,0.999910008099,0.0
8.41034609025e-30,0.999910008099,0.0
9.94160912411e-30,0.999910008099,0.0
4.70261423541e-30,0.999910008099,0.0
4.07506537e-30,0.999910008099,0.0
2.96166539558e-30,0.999910008099,0.0
1.00846183616e-29,0.999910008099,0.0
4.67566644284e-30,0.999910008099,0.0
5.12621059604e-30,0.0,0.0
3.01941997063e-30,0.999910008099,0.0
5.54370974127e-30,0.999910008099,0.0
1.83626799382e-30,0.99995700387,1.0
6.17033831239e-30,0.999910008099,0.0
6.92601426993e-30,0.999910008099,0.0
5.63776564816e-30,0.999914007739,1.0
5.39687179869e-32,0.99995700387,1.0
3.6961446838e-30,0.999910008099,0.0
8.77869922617e-30,0.999910008099,0.0
1.00846184e-29,0.99994300513,1.0
1.19079040026e-30,0.999910008099,0.0
5.58062515542e-30,0.999910008099,0.0
4.65748607446e-30,0.999910008099,0.0
4.52988540279e-30,0.999910008099,0.0
5.84469473041e-30,0.999914007739,1.0
5.34389724685e-30,0.999910008099,0.0
5.58056892827e-30,0.99995700387,1.0
9.2885091112e-30,0.999910008099,0.0
8.76973611989e-30,0.99995700387,1.0
6.1704318834e-30,0.999910008099,0.0
9.03979529207e-30,0.99995700387,1.0
5.59377154873e-30,0.999910008099,0.0
8.94402875076e-30,0.999929006389,1.0
2.4614734336e-30,0.999910008099,0.0
2.37891251018e-30,0.999910008099,0.0
5.11343177949e-30,0.999910008099,0.0
1.00094174188e-29,0.999910008099,0.0
4.37205032987e-30,0.999910008099,0.0
5.5228405764e-30,0.99995700387,1.0
8.70978110071e-30,0.999910008099,0.0
2.06267877147e-30,0.999910008099,0.0
2.27490249386e-30,1.0,1.0
4.5830573187e-30,0.999910008099,0.0
2.31027742714e-30,0.999910008099,0.0
5.44021629287e-30,0.999910008099,0.0
8.85707226884e-30,0.999910008099,0.0
5.11554348872e-30,0.99995700387,1.0
9.18602952515e-30,0.99995700387,1.0
2.18117467969e-30,0.999914007739,1.0
9.02984119741e-30,0.999910008099,0.0
4.14540540594e-30,0.999910008099,0.0
2.47039978722e-30,0.99995700387,1.0
6.16024042627e-30,0.999910008099,0.0
5.93934352468e-30,0.999910008099,0.0
5.14546714044e-30,0.99995700387,1.0
9.32948975044e-30,0.99994300513,1.0
5.29728394833e-30,0.999910008099,0.0
5.44424037852e-30,0.999910008099,0.0
1.09259470855e-29,0.999910008099,0.0
1.82955164422e-30,0.999910008099,0.0
2.94384104874e-30,0.99995700387,1.0
4.28401823358e-30,0.999910008099,0.0
7.14086104611e-31,0.99995700387,1.0
5.26690672816e-30,0.99995700387,1.0
2.45843990475e-30,0.999910008099,0.0
1.34011726557e-30,0.99995700387,1.0
3.83197345898e-30,0.999910008099,0.0
9.20190119269e-30,0.999910008099,0.0
2.04740968127e-30,0.999929006389,1.0
8.1022411286e-32,0.999910008099,0.0
3.8457608495e-30,0.999910008099,0.0
5.59444067873e-30,0.999910008099,0.0
9.81761198289e-30,0.999910008099,0.0
7.2407095911e-30,0.99998600126,1.0
4.23007047108e-30,0.999910008099,0.0
1.05705127443e-29,0.999910008099,0.0
5.84286112107e-30,0.99995700387,1.0
9.59283285384e-30,0.999910008099,0.0
2.04741031683e-30,0.99998600126,1.0
2.17905970993e-30,0.999914007739,1.0
6.14495526399e-30,0.999929006389,1.0
3.56865920965e-30,0.999910008099,0.0
5.14671418244e-30,0.99995700387,1.0
1.34571450539e-30,0.99994300513,1.0
8.70978110663e-30,0.999910008099,0.0
5.59398769854e-30,0.999910008099,0.0
2.31851532111e-30,0.99995700387,1.0
5.62103675379e-30,0.99994300513,1.0
5.66248612604e-30,0.99995700387,1.0
9.77764826848e-30,0.999910008099,0.0
3.95028649963e-30,0.999910008099,0.0
2.98545867974e-30,0.999910008099,0.0
1.10002627603e-29,0.999910008099,0.0
9.70231238173e-30,0.999929006389,1.0
5.66919773709e-30,0.99995700387,1.0
6.10088089581e-30,0.999910008099,0.0
5.12621058126e-30,0.99997100261,1.0
9.80029940334e-30,0.999929006389,1.0
1.11028568551e-29,0.99995700387,1.0
1.11028561309e-29,0.99995700387,1.0
5.46987978501e-30,0.999914007739,1.0
5.84364877119e-30,0.99995700387,1.0
8.55185967843e-30,0.999910008099,0.0
1.05667757863e-29,0.999910008099,0.0
5.86085020302e-30,0.999910008099,0.0
4.38558666842e-30,0.999910008099,0.0
8.94402861478e-30,0.99995700387,1.0
2.33698630827e-30,0.999910008099,0.0
1.10783001871e-29,0.999910008099,0.0
4.38281562261e-30,0.999910008099,0.0
4.41913471148e-30,0.999910008099,0.0
5.48625886852e-30,0.999910008099,0.0
1.83044836101e-30,0.999910008099,0.0
6.01142494099e-30,0.99995700387,1.0
3.07314277427e-30,0.999910008099,0.0
8.73391862652e-30,0.999910008099,0.0
4.2286538076e-30,0.999910008099,0.0
8.4105006122e-30,0.999910008099,0.0
5.27194127966e-30,0.99995700387,1.0
5.44465887631e-30,0.999910008099,0.0
2.89980261143e-30,0.999910008099,0.0
5.58069114052e-30,0.999910008099,0.0
3.65244992353e-30,0.999910008099,0.0
5.44205083041e-30,0.999910008099,0.0
5.66256968489e-30,0.99995700387,1.0
2.0419744304e-30,0.999910008099,0.0
6.80591206425e-30,0.999910008099,0.0
6.17883427009e-30,0.999910008099,0.0
3.24341985066e-30,0.999910008099,0.0
4.73727494701e-30,0.999910008099,0.0
2.4370000377e-30,0.999910008099,0.0
6.07414248663e-30,0.99995700387,1.0
4.73705837153e-30,0.999910008099,0.0
1.08323207971e-29,0.999910008099,0.0
8.76351973995e-30,0.999910008099,0.0
1.34564934799e-30,0.999910008099,0.0
1.10943269826e-29,0.99995700387,1.0
5.14546673546e-30,0.99995700387,1.0
4.18881962462e-30,0.999910008099,0.0
4.0557116748e-30,0.999910008099,0.0
7.03744535973e-31,0.999910008099,0.0
5.15053330992e-30,0.999914007739,1.0
2.80288443187e-31,0.99995700387,1.0
6.14494329788e-30,0.999914007739,1.0
1.34268790258e-30,0.999910008099,0.0
6.25838383804e-30,0.999910008099,0.0
8.91373273938e-32,0.999910008099,0.0
1.01050146757e-29,0.999929006389,1.0
5.12523833722e-30,0.999910008099,0.0
7.24058934759e-30,0.99995700387,1.0
5.15023088168e-30,0.999910008099,0.0
2.62765070199e-31,0.999910008099,0.0
8.96392493553e-30,0.0,0.0
2.3005064188e-30,0.999910008099,0.0
7.26051523778e-31,0.99995700387,1.0
5.12808640309e-30,0.999929006389,1.0
2.04634975469e-30,0.999929006389,1.0
4.24336912199e-30,0.999910008099,0.0
1.80255604925e-30,0.999910008099,0.0
5.1262776867e-30,0.999910008099,0.0
3.89435503697e-30,0.999910008099,0.0
5.92027793562e-30,0.999910008099,0.0
7.62118310266e-30,0.999910008099,0.0
7.26416129406e-30,0.999929006389,1.0
8.70978100612e-30,0.999910008099,0.0
1.05206357406e-29,0.999910008099,0.0
9.11057882517e-30,0.999910008099,0.0
8.96408175137e-30,0.999910008099,0.0
4.24141129324e-30,0.99995700387,1.0
5.84569220438e-30,0.99995700387,1.0
2.33393370399e-30,0.999910008099,0.0
9.49133581664e-30,0.99995700387,1.0
8.96406552854e-30,0.999910008099,0.0
9.22135713492e-30,0.999910008099,0.0
2.45834023244e-30,0.999910008099,0.0
3.94828801623e-30,0.999910008099,0.0
4.49992006181e-30,0.999910008099,0.0
3.86185702362e-30,0.99995700387,1.0
2.45841176309e-30,0.999910008099,0.0
5.68829960583e-30,0.999910008099,0.0
3.63828948755e-30,0.999910008099,0.0
4.67582572994e-30,0.999910008099,0.0
7.79444779147e-30,0.999910008099,0.0
5.23834612593e-30,0.999910008099,0.0
6.2265514222e-30,0.999910008099,0.0
8.71793174372e-30,0.999910008099,0.0
5.29720514282e-30,0.999910008099,0.0
7.79608134378e-30,0.999910008099,0.0
6.01141737053e-30,0.999910008099,0.0
2.47012840054e-30,0.99995700387,1.0
9.06206710872e-30,0.999914007739,1.0
6.17043331709e-30,0.999910008099,0.0
5.81060346171e-30,0.999910008099,0.0
4.74605366039e-30,0.999910008099,0.0
1.94453874881e-30,0.99995700387,1.0
4.23250408895e-30,0.999910008099,0.0
5.84650441639e-30,0.999910008099,0.0
9.0620989484e-30,0.99995700387,1.0
2.049257728e-30,0.99998600126,1.0
2.33395790522e-30,0.999910008099,0.0
5.4399850583e-30,0.999910008099,0.0
5.29554025927e-30,0.99995700387,1.0
8.50194843771e-30,0.999910008099,0.0
2.1809721573e-30,0.999910008099,0.0
8.75128245523e-30,0.999910008099,0.0
8.81498695128e-30,0.999910008099,0.0
5.84108066162e-30,0.99995700387,1.0
2.45831719884e-30,0.999910008099,0.0
5.12769886703e-30,0.999929006389,1.0
7.79603273439e-30,0.999910008099,0.0
2.68167366953e-31,0.999910008099,0.0
1.34564777832e-30,0.99994300513,1.0
9.00899373e-30,0.999910008099,0.0
5.64964181806e-30,0.999910008099,0.0
9.05309119976e-30,0.999910008099,0.0
8.55277223672e-30,0.999910008099,0.0
2.51641184159e-31,0.999910008099,0.0
2.4369258998e-30,0.999910008099,0.0
9.11902779636e-30,0.999910008099,0.0
9.09280198511e-30,0.999910008099,0.0
1.05915129807e-29,0.999910008099,0.0
1.34564819217e-30,0.99994300513,1.0
4.29335661123e-30,0.999910008099,0.0
1.36007406724e-31,0.99995700387,1.0
8.70978105342e-30,0.99994300513,1.0
2.17961619348e-30,0.99995700387,1.0
4.43962767972e-30,0.999910008099,0.0
1.00357514011e-29,0.999914007739,1.0
9.13962861337e-30,0.999910008099,0.0
2.10483290603e-30,0.999929006389,1.0
1.00899904711e-29,0.99998600126,1.0
5.29635931158e-30,0.99995700387,1.0
9.76074545748e-30,0.999910008099,0.0
5.58075087355e-30,0.999910008099,0.0
1.00846185744e-29,0.999910008099,0.0
2.10365108646e-30,0.99995700387,1.0
3.98822842806e-30,0.999910008099,0.0
5.14911398894e-30,0.999910008099,0.0
9.27130954464e-30,0.999910008099,0.0
1.00280154218e-29,0.99995700387,1.0
5.50869764915e-30,0.999910008099,0.0
7.80945384881e-30,0.99995700387,1.0
1.05235676698e-29,0.999914007739,1.0
2.31357742084e-30,0.99995700387,1.0
5.90045402642e-30,0.999910008099,0.0
5.6739167532e-30,0.999910008099,0.0
6.08274483872e-30,0.99995700387,1.0
5.42395819189e-30,0.999910008099,0.0
1.05915130251e-29,0.999910008099,0.0
7.79351688198e-30,0.999910008099,0.0
2.95856458097e-30,0.999910008099,0.0
1.10735680461e-29,0.999910008099,0.0
1.95028310565e-30,0.999910008099,0.0
1.00280063999e-29,0.999914007739,1.0
1.00169715415e-29,0.999910008099,0.0
5.61978033517e-32,0.999910008099,0.0
1.35964541244e-30,0.99995700387,1.0
8.74020711946e-30,0.999910008099,0.0
2.28054870961e-30,0.99995700387,1.0
9.03565862796e-30,0.99995700387,1.0
5.48488376423e-30,0.999910008099,0.0
9.95407111939e-30,0.999910008099,0.0
1.94243240483e-30,0.999914007739,1.0
2.765772236e-31,0.999910008099,0.0
4.56303076592e-30,0.999910008099,0.0
9.03754324406e-30,0.999910008099,0.0
7.92484643863e-30,0.999910008099,0.0
7.79450713135e-30,0.999910008099,0.0
5.95702170635e-30,0.999910008099,0.0
2.10369467056e-30,0.99995700387,1.0
4.00434679329e-30,0.999910008099,0.0
2.88336287555e-30,0.999910008099,0.0
3.0249316533e-30,0.99995700387,1.0
5.58439486059e-32,0.999910008099,0.0
2.86273159933e-31,0.999910008099,0.0
1.9630546769e-30,0.999910008099,0.0
8.98956805187e-30,0.99997100261,1.0
2.44568931559e-30,0.999910008099,0.0
9.68948792959e-30,0.999910008099,0.0
2.23796260651e-30,0.999910008099,0.0
4.00494939133e-30,0.999910008099,0.0
5.51823388453e-30,0.99995700387,1.0
2.74533358824e-31,0.999910008099,0.0
5.58069105479e-30,0.999910008099,0.0
4.63657791921e-30,0.999910008099,0.0
1.09591294969e-29,0.999910008099,0.0
3.99107203914e-30,0.999910008099,0.0
7.79596675816e-30,0.999910008099,0.0
1.11028576533e-29,0.999929006389,1.0
3.11560267445e-30,0.999910008099,0.0
1.94430528834e-30,0.99995700387,1.0
6.23049259047e-30,0.999910008099,0.0
2.45907500167e-30,0.999910008099,0.0
4.11543621026e-30,0.999910008099,0.0
9.05555940054e-30,0.999910008099,0.0
9.28721544331e-30,0.999910008099,0.0
5.70150273768e-30,0.999910008099,0.0
3.87939046198e-30,0.999910008099,0.0
4.45890109138e-30,0.99995700387,1.0
5.48499334525e-30,0.999910008099,0.0
9.10484890276e-30,0.999910008099,0.0
6.12903020712e-30,0.999910008099,0.0
1.00502171208e-29,0.999910008099,0.0
9.78745397206e-30,0.999910008099,0.0
9.3301123994e-30,0.999910008099,0.0
5.28141046281e-30,0.999910008099,0.0
5.36529916405e-30,0.999910008099,0.0
5.84108232883e-30,0.99995700387,1.0
5.12842893318e-30,0.999914007739,1.0
5.6583097148e-30,0.999910008099,0.0
1.0949078754e-29,0.999910008099,0.0
7.21413063161e-31,0.999910008099,0.0
6.2058873308e-30,0.999910008099,0.0
2.43663663489e-30,0.999910008099,0.0
4.26261517534e-30,0.999910008099,0.0
7.79275769276e-30,0.999910008099,0.0
9.43231732937e-30,0.999910008099,0.0
2.25644296733e-30,0.999910008099,0.0
4.2631190943e-30,0.999910008099,0.0
8.41232794288e-30,0.999910008099,0.0
4.64139543113e-30,0.999910008099,0.0
2.33692093212e-30,0.999910008099,0.0
2.43774073087e-30,0.999910008099,0.0
5.32170878509e-30,0.999929006389,1.0
4.71266266375e-30,0.999910008099,0.0
1.09369961686e-29,0.999910008099,0.0
7.23695955553e-30,0.999910008099,0.0
5.46601566931e-30,0.999910008099,0.0
5.59489488272e-30,0.999910008099,0.0
9.07332062375e-30,0.999910008099,0.0
1.00846183232e-29,0.999910008099,0.0
2.32166978519e-30,0.999910008099,0.0
9.43013110979e-30,0.999910008099,0.0
5.0245780266e-30,0.999910008099,0.0
5.46581291635e-30,0.999910008099,0.0
6.40853477506e-30,0.999910008099,0.0
8.70718277729e-30,0.999910008099,0.0
8.70962379121e-30,0.99995700387,1.0
2.91071904733e-30,0.999910008099,0.0
5.14958589971e-30,0.999910008099,0.0
3.11026326485e-30,0.99995700387,1.0
1.35958620263e-30,0.999914007739,1.0
3.07959705764e-30,0.99995700387,1.0
9.333521578e-30,0.999910008099,0.0
5.12117823793e-30,0.99998600126,1.0
9.11570106217e-30,0.999910008099,0.0
1.94451459192e-30,0.99995700387,1.0
5.84653775184e-30,0.99995700387,1.0
2.33390492382e-30,0.999910008099,0.0
1.10943883178e-29,0.999910008099,0.0
1.05856161209e-29,0.999910008099,0.0
9.73514672928e-30,0.999910008099,0.0
5.11355996593e-30,0.999929006389,1.0
2.95558988356e-30,0.999914007739,1.0
4.23221809048e-30,0.999910008099,0.0
5.42731137391e-30,0.999910008099,0.0
5.46598083514e-30,0.999910008099,0.0
4.7524970566e-30,0.999910008099,0.0
5.15611028892e-30,1.0,1.0
2.56406723281e-30,0.999910008099,0.0
3.85786528018e-30,0.999910008099,0.0
8.70952110963e-30,0.99995700387,1.0
2.43776798571e-30,0.999910008099,0.0
1.85971079609e-30,0.999910008099,0.0
4.62868119259e-30,0.999910008099,0.0
7.87108525946e-30,0.999910008099,0.0
2.53516060051e-31,0.999910008099,0.0
8.84462503611e-30,0.999910008099,0.0
2.1811738579e-30,0.999914007739,1.0
2.3370929687e-30,0.999910008099,0.0
1.07876919585e-31,0.999910008099,0.0
9.33081841508e-30,0.0,0.0
8.70978891062e-30,0.999910008099,0.0
1.05926384993e-29,0.999910008099,0.0
9.49159776759e-30,0.999910008099,0.0
3.92674299634e-30,0.999929006389,1.0
4.40397377747e-30,0.999910008099,0.0
5.42266400374e-30,0.999910008099,0.0
4.07860963743e-30,0.999910008099,0.0
4.73769283586e-30,0.999910008099,0.0
4.72757610783e-30,0.999910008099,0.0
8.52934036891e-30,0.999910008099,0.0
4.62878012885e-30,0.999910008099,0.0
5.90998919171e-30,0.99995700387,1.0
1.35073890283e-30,0.99995700387,1.0
9.58990017677e-30,0.999910008099,0.0
9.54339140145e-32,0.999910008099,0.0
9.19154560347e-30,0.999910008099,0.0
5.45802274965e-30,0.999910008099,0.0
1.94257831282e-30,0.99995700387,1.0
8.63003201669e-30,0.999910008099,0.0
4.71873130885e-30,0.999910008099,0.0
1.05794495121e-29,0.999910008099,0.0
8.90824547374e-30,0.999910008099,0.0
5.58073427529e-30,0.999910008099,0.0
5.76707346021e-30,0.99995700387,1.0
5.11649054419e-30,0.999914007739,1.0
8.36992694508e-30,0.999910008099,0.0
4.07610241966e-30,0.999910008099,0.0
5.15611029187e-30,0.999914007739,1.0
5.8467410901e-30,0.99995700387,1.0
4.31545888917e-30,0.999910008099,0.0
4.65229602553e-30,0.999910008099,0.0
1.11035941902e-31,0.999910008099,0.0
2.88995968223e-30,0.999910008099,0.0
3.99153476841e-30,0.999910008099,0.0
3.95303630913e-30,0.999910008099,0.0
1.05083696698e-29,0.999910008099,0.0
6.02652502162e-30,0.999910008099,0.0
8.78624639319e-30,0.999910008099,0.0
5.79296241698e-30,0.999910008099,0.0
8.70978873916e-30,0.999910008099,0.0
9.06163699363e-30,0.999910008099,0.0
5.2054832347e-30,0.999910008099,0.0
3.9003937254e-30,0.99995700387,1.0
8.91456478356e-30,0.999910008099,0.0
9.22225152529e-30,0.999910008099,0.0
5.58051460482e-30,0.999910008099,0.0
4.6190973647e-30,0.999910008099,0.0
4.60804627451e-30,0.999910008099,0.0
5.25120196549e-30,0.999910008099,0.0
5.85891301346e-30,0.999910008099,0.0
5.36208103834e-30,0.999910008099,0.0
9.07037121836e-30,0.999910008099,0.0
9.39753176282e-30,0.999910008099,0.0
8.9852264887e-30,0.999910008099,0.0
1.04440356343e-29,0.999910008099,0.0
9.71510974458e-30,0.999910008099,0.0
5.11932903244e-30,0.99995700387,1.0
4.07689055458e-30,0.999910008099,0.0
7.49363113793e-30,0.999910008099,0.0
5.72935877271e-30,0.999910008099,0.0
1.00378670389e-29,0.999910008099,0.0
4.08652155227e-30,0.999910008099,0.0
1.16226788977e-31,0.999910008099,0.0
9.33062623002e-30,0.999910008099,0.0
