,src-ip,risk-factor,categories
0,2390872136.0,1.0,0
1,584179858.0,1.0,1
2,2087885482.0,1.0,1
3,3584858198.0,1.0,0
4,1596927275.0,1.0,0
5,3537787762.0,1.0,1
6,2499489289.0,1.0,1
7,3232235784.0,1.0,1
8,624000638.0,5.7,2
9,1937727665.0,1.51325678497,1
10,770826095.0,1.0,0
11,1741136134.0,8.6,2
12,701774523.0,1.51325678497,1
13,3232235778.0,1.0,1
14,3580044050.0,1.0,1
15,995991159.0,1.0,0
16,1856733178.0,1.0,0
17,2031107992.0,1.0,1
18,1497369295.0,5.7,2
19,1342433871.0,1.0,0
20,693811825.0,1.0,0
21,630064787.0,5.7,2
22,1730546718.0,4.3,2
23,1914893240.0,1.0,1
24,1975959884.0,5.7,2
25,1886908382.0,1.0,1
26,96319801.0,1.0,1
27,1968255870.0,5.7,2
28,1758417666.0,1.0,1
29,1942031256.0,1.0,1
30,1395432144.0,1.0,1
31,2944934710.0,1.0,0
32,995824110.0,5.7,2
33,1387452060.0,1.0,0
34,1742865720.0,1.0,0
35,2104477220.0,1.0,0
36,2120149835.0,1.0,1
37,843145409.0,1.0,1
38,993537643.0,2.9,2
39,,1.0,1
40,704282692.0,1.0,0
41,3032439831.0,1.0,1
42,2818150408.0,1.0,1
43,3105216683.0,1.0,1
44,1592979010.0,5.7,2
45,1721620484.0,1.0,1
46,1890373511.0,1.0,1
47,3013556273.0,1.0,1
48,1022799886.0,1.0,1
49,3588646414.0,2.9,2
50,4.25404882106e+37,1.0,1
51,3034189913.0,1.0,0
52,453327631.0,1.0,0
53,1602963524.0,1.0,0
54,917287093.0,1.0,1
55,694718222.0,1.0,0
56,824268731.0,1.0,1
57,1984159694.0,1.4,2
58,3155933278.0,1.0,0
59,3526764364.0,1.0,1
60,698654156.0,1.0,1
61,1811050620.0,1.0,1
62,1018472924.0,1.0,0
63,3679299017.0,1.0,1
64,3728936629.0,1.0,0
65,1376458275.0,1.0,1
66,1834893971.0,1.0,1
67,1570496397.0,1.0,0
68,2034918316.0,1.0,1
69,3327433243.0,1.0,0
70,520729637.0,1.0,0
71,1928236283.0,1.51325678497,1
72,3076017798.0,5.7,2
73,1382440137.0,1.0,1
74,3191536658.0,1.0,1
75,1300763442.0,1.0,1
76,1776589958.0,1.0,0
77,3582987324.0,1.0,1
78,4.78782102448e+37,1.0,1
79,1176201816.0,1.0,0
80,1374422781.0,1.0,1
81,4.25404881822e+37,1.0,1
82,459334517.0,1.0,0
83,2011961801.0,1.0,1
84,1331956510.0,1.0,0
85,1734053767.0,1.4,2
86,1731597048.0,5.7,2
87,3236218030.0,1.0,0
88,1281025845.0,1.0,0
89,2424916211.0,1.0,0
90,1085552193.0,1.0,0
91,85760572.0,1.0,0
92,2891709550.0,1.0,0
93,2014685584.0,1.0,1
94,1009914549.0,1.0,0
95,1038319159.0,5.7,2
96,462676616.0,5.7,2
97,1839722996.0,1.0,0
98,3399035171.0,4.3,2
99,737925544.0,1.4,2
100,3238657101.0,1.0,1
101,454150085.0,1.0,1
102,605604908.0,1.0,1
103,1398058949.0,1.0,1
104,826446487.0,1.0,1
105,1892840119.0,1.0,0
106,3113857831.0,1.0,1
107,3735302818.0,1.0,0
108,1782919255.0,1.0,0
109,1035487314.0,1.0,1
110,3291883793.0,1.0,1
111,3700382740.0,1.0,0
112,1550834206.0,1.0,1
113,2931952969.0,1.0,1
114,2104438102.0,1.0,0
115,993709100.0,1.0,1
116,1892058482.0,1.0,0
117,3321175848.0,5.7,2
118,710686884.0,1.0,1
119,1892328100.0,1.0,0
120,2851023882.0,8.6,2
121,694423364.0,1.0,0
122,1275818820.0,1.0,0
123,2523643352.0,1.0,0
124,2969319468.0,1.0,1
125,3284847310.0,1.0,0
126,3320649946.0,5.7,2
127,4.25404881822e+37,1.0,1
128,2101577122.0,1.0,0
129,1892215279.0,1.0,0
130,1298815426.0,1.0,1
131,16896693.0,5.7,2
132,1306965714.0,1.0,1
133,1507039076.0,5.7,2
134,792105498.0,1.0,0
135,3074802294.0,1.0,1
136,1915717662.0,1.0,0
137,826928655.0,1.0,1
138,1744253028.0,1.4,2
139,3169678624.0,1.0,1
140,2416707601.0,1.0,1
141,39946944.0,1.0,0
142,415613262.0,1.0,0
143,1768493325.0,5.7,2
144,1791956973.0,1.0,0
145,3153532552.0,1.0,1
146,1833777891.0,1.0,0
147,1899263729.0,1.0,1
148,3232235782.0,1.0,1
149,3168885927.0,1.0,0
150,1590811659.0,1.0,0
151,1038416787.0,1.0,0
152,3071963899.0,1.0,1
153,3654172394.0,1.0,1
154,1318661302.0,1.0,1
155,1007680390.0,1.0,1
156,698379506.0,1.0,1
157,2393367506.0,1.0,1
158,3030013074.0,1.0,1
159,1790302837.0,1.0,1
160,1018466605.0,1.0,0
161,609787203.0,1.0,0
162,36832617.0,5.7,2
163,1014621356.0,1.0,0
164,2005840735.0,1.0,1
165,1534683929.0,1.0,2
166,2050936715.0,1.0,1
167,989842378.0,5.7,2
168,3155849211.0,1.0,0
169,1908508677.0,5.7,2
170,1785217106.0,1.0,1
171,2871834241.0,1.0,1
172,919157568.0,1.0,1
173,1832986597.0,1.0,0
174,1740933618.0,10.0,2
175,1566810971.0,1.0,0
176,3419822645.0,1.0,0
177,3655951501.0,1.0,1
178,1179484600.0,1.0,1
179,3513812778.0,1.0,1
180,1349681394.0,1.0,1
181,415337115.0,1.0,0
182,1451762563.0,1.0,1
183,2107997168.0,1.0,0
184,2875498245.0,1.0,1
185,1601809950.0,1.51325678497,1
186,2057390539.0,5.7,2
187,2900063952.0,1.0,0
188,1867662199.0,1.0,0
189,1947754089.0,1.0,1
190,2059424350.0,1.0,1
191,634533391.0,1.51325678497,1
192,1915302112.0,1.0,0
193,695392605.0,1.0,1
194,1017625270.0,1.0,0
195,3747246567.0,1.0,1
196,3338646391.0,1.0,0
197,1947963401.0,1.0,1
198,1763420994.0,1.0,1
199,1490089367.0,1.0,1
200,657387875.0,5.7,2
201,999560484.0,1.0,1
202,1885503876.0,1.0,0
203,1886375071.0,1.0,0
204,3678760460.0,1.0,1
205,737366582.0,5.7,2
206,1811050615.0,1.0,1
207,1918662368.0,1.0,1
208,1146267236.0,1.0,1
209,619154076.0,1.0,0
210,1943759573.0,1.0,1
211,2954885323.0,1.0,1
212,1430099482.0,1.0,0
213,3657110027.0,1.0,1
214,1776417957.0,1.0,0
215,984628595.0,1.0,1
216,39242207.0,1.0,0
217,1982142914.0,1.0,1
218,1964936503.0,1.0,0
219,1991635777.0,1.0,1
220,984849683.0,1.0,1
221,2927722355.0,1.51325678497,1
222,1303451160.0,1.0,0
223,1988897402.0,1.0,1
224,3080404203.0,1.0,0
225,3633820833.0,1.0,1
226,86354298.0,1.0,0
227,2130706433.0,1.0,1
228,1878072230.0,1.0,0
229,1850911237.0,1.0,0
230,3199545375.0,1.0,1
231,1781329866.0,1.0,1
232,3582480366.0,1.0,1
233,2002161283.0,1.0,0
234,3582480333.0,1.0,1
235,1968463362.0,1.0,0
236,2936570031.0,1.0,0
237,2904777174.0,1.0,1
238,27361387.0,1.0,0
239,2023040418.0,1.0,0
240,1275586224.0,1.0,1
241,1732423774.0,2.9,2
242,987297610.0,1.0,1
243,1424301364.0,1.0,0
244,779376589.0,1.0,1
245,1914296772.0,1.0,0
246,454833787.0,1.0,1
247,1944382882.0,1.0,1
248,619404502.0,1.0,0
249,402129988.0,1.0,0
250,3573321321.0,1.0,0
251,1781766682.0,1.51325678497,1
252,84722174.0,1.0,1
253,3300964110.0,1.0,1
254,831806231.0,1.0,0
255,3036113522.0,1.0,0
256,1976023714.0,5.7,2
257,1744677197.0,4.3,2
258,1847043682.0,1.0,0
259,2090134995.0,1.0,1
260,2784975266.0,5.7,2
261,1449373523.0,1.0,0
262,3162475800.0,1.0,0
263,3221184073.0,1.0,0
264,763150735.0,5.7,2
265,243837655.0,1.0,1
266,2918176543.0,1.0,1
267,1743233605.0,10.0,2
268,835663988.0,5.7,2
269,1143553082.0,1.0,1
270,2040358244.0,1.0,1
271,1964644052.0,1.0,0
272,1985865204.0,1.0,0
273,700269203.0,1.0,1
274,3230439827.0,1.0,1
275,460940341.0,1.0,0
276,619142751.0,1.0,0
277,2667547345.0,1.0,0
278,3116932388.0,1.0,0
279,2102293930.0,1.0,0
280,1010006140.0,1.0,1
281,1046910133.0,1.0,1
282,1568371185.0,1.0,1
283,1742304680.0,5.7,2
284,1311420141.0,1.0,0
285,1408957856.0,1.0,0
286,3216840674.0,1.0,1
287,1407463849.0,1.0,0
288,2018938293.0,1.0,0
289,1966921753.0,1.0,1
290,1614454702.0,1.0,1
291,1944120306.0,1.0,1
292,3.38288524927e+38,1.0,1
293,3.38288524927e+38,1.0,1
294,2987700926.0,1.0,1
295,248085704.0,1.0,1
296,534202546.0,1.0,0
297,999913544.0,1.0,1
298,2062065234.0,1.0,1
299,1935090705.0,1.0,0
300,1022461402.0,1.0,1
301,1961005154.0,1.0,1
302,3063266428.0,1.51325678497,1
303,4.25404881914e+37,1.0,1
304,2070879038.0,1.0,1
305,1942653553.0,1.0,1
306,1878814578.0,1.0,0
307,1943360850.0,1.0,1
308,3.38288524927e+38,1.0,1
309,2938954163.0,1.0,1
310,4.25404882106e+37,1.0,1
311,1743297063.0,1.0,0
312,3698798393.0,1.0,1
313,4.25404882106e+37,1.0,1
314,4.25404881822e+37,1.0,1
315,3668236548.0,1.0,0
316,1028571248.0,1.0,1
317,2085749817.0,1.0,1
318,3247337617.0,1.0,1
319,1811050625.0,1.0,1
320,1268650792.0,1.0,0
321,1968606678.0,1.0,0
322,1841923473.0,1.0,1
323,3624589357.0,1.0,1
324,3699833064.0,1.0,1
325,3416521162.0,5.7,2
326,1915095329.0,1.0,0
327,2076954074.0,1.0,1
328,3754751707.0,1.0,0
329,2083733287.0,1.0,1
330,720584475.0,1.0,1
331,619670616.0,5.7,2
332,1770809521.0,1.0,0
333,3255507981.0,1.0,1
334,3002746183.0,1.0,1
335,242729738.0,1.0,1
336,3158704317.0,1.4,2
337,1594427335.0,1.0,1
338,387745170.0,1.0,0
339,1879984781.0,1.0,0
340,690838787.0,1.0,0
341,28216405.0,1.0,0
342,2637187202.0,1.0,1
343,3757448910.0,1.0,0
344,831562158.0,1.0,0
345,456914676.0,1.0,0
346,2076940092.0,1.0,1
347,1844039693.0,1.0,1
348,997412595.0,1.0,0
349,2745984860.0,1.0,1
350,3721368123.0,1.0,0
351,1781766682.0,5.7,2
352,1311420141.0,1.0,2
353,1407463849.0,1.0,2
354,1966921753.0,1.51325678497,1
355,1935090705.0,1.0,2
356,3063266428.0,1.0,1
357,4.25404881914e+37,1.51325678497,1
358,1878814578.0,1.0,2
359,1915095329.0,1.0,2
360,28216405.0,1.0,2
361,831562158.0,1.0,2
362,456914676.0,1.0,2
363,3301918600.0,5.7,2
364,1314090998.0,1.0,2
365,826965153.0,1.0,1
366,3072242060.0,1.0,1
367,3069370846.0,1.0,1
368,1840130675.0,1.0,2
369,692248275.0,1.0,0
370,1892304408.0,1.0,0
371,2104437783.0,1.0,0
372,3027440921.0,1.0,0
373,3703299167.0,1.0,0
374,597613390.0,1.0,1
375,3116166160.0,1.0,2
376,1990529021.0,1.0,2
377,832536757.0,1.0,0
378,2059526536.0,1.0,1
379,3541997498.0,1.0,0
380,1014616548.0,1.0,2
381,2072417626.0,1.0,1
382,3.38288524927e+38,1.0,1
383,1.0,1.0,1
384,1094164087.0,1.0,1
385,2080826670.0,1.0,0
386,1442173359.0,1.0,2
387,1791734885.0,1.4,2
388,1590432896.0,1.0,0
389,1001830352.0,1.0,2
390,824328846.0,1.0,1
391,2072557784.0,1.0,1
392,1372800706.0,1.0,1
393,1603812985.0,5.7,2
394,607971182.0,1.0,2
395,3169354169.0,1.0,0
396,3747785095.0,1.0,1
397,1113265790.0,1.0,0
398,3663184590.0,1.0,1
399,3232235667.0,1.0,1
400,3245238979.0,1.0,1
401,1009976376.0,1.51325678497,1
402,1742833386.0,1.4,2
403,3394169446.0,5.7,2
404,94877132.0,1.51325678497,1
405,2956925587.0,5.7,2
406,1388882006.0,1.0,0
407,1733529985.0,5.7,2
408,2083339290.0,1.0,2
409,1495050007.0,1.0,0
410,1906593800.0,1.4,2
411,1564303899.0,1.0,1
412,996462782.0,1.0,1
413,1595413541.0,1.0,2
414,3526548430.0,1.0,0
415,1339152405.0,1.0,1
416,3161529857.0,1.0,2
417,533911263.0,10.0,2
418,3717049490.0,1.0,1
419,3039591055.0,1.0,2
420,1474363945.0,1.0,1
421,1042081510.0,1.0,0
422,96320346.0,1.0,1
423,86812679.0,5.7,2
424,1990685678.0,1.0,2
425,94687240.0,1.0,2
426,237047815.0,1.0,1
427,3662352090.0,1.0,1
428,1873894714.0,1.0,1
429,987675730.0,1.0,1
430,2151950684.0,1.51325678497,1
431,995953739.0,5.7,2
432,1044700759.0,1.0,0
433,1849093489.0,4.3,2
434,2637252451.0,1.0,1
435,2302366833.0,7.1,2
436,1860297512.0,1.4,2
437,624515314.0,5.7,2
438,2883770079.0,5.7,2
439,1600730863.0,1.0,0
440,991138202.0,1.0,1
441,1591237154.0,1.0,1
442,1782956621.0,1.0,0
443,1701283037.0,1.0,2
444,1565906660.0,1.0,2
445,1428577922.0,1.0,1
446,3641799373.0,1.0,0
447,1560065150.0,1.0,0
448,2911328711.0,1.51325678497,1
449,1989429761.0,1.0,0
450,1855181830.0,1.0,0
451,3248872738.0,1.0,1
452,707916642.0,1.0,1
453,1451523103.0,1.0,1
454,979632422.0,1.4,2
455,3562828516.0,10.0,2
456,3585141064.0,1.0,1
457,1403048437.0,1.0,1
458,1540215205.0,5.7,2
459,1743604758.0,10.0,2
460,2637184750.0,1.0,1
461,1134836876.0,1.0,1
462,2005977735.0,1.0,1
463,1928976773.0,1.0,1
464,1604584196.0,1.51325678497,1
465,1348875656.0,1.0,0
466,2050262672.0,1.0,0
467,622127062.0,1.0,2
468,3577908090.0,1.0,0
469,1029439931.0,1.0,1
470,1402285595.0,5.7,2
471,1268276328.0,1.0,1
472,1783115872.0,1.0,1
473,1506344636.0,1.0,1
474,3156943621.0,1.4,2
475,1534665985.0,1.0,1
476,1448207291.0,1.0,1
477,606083643.0,1.0,0
478,1238745104.0,1.51325678497,1
479,1527457243.0,1.0,0
480,2098726276.0,5.7,2
481,3186937864.0,1.0,0
482,96320535.0,1.0,1
483,1603009450.0,1.0,2
484,1544454528.0,1.0,0
485,1927740165.0,1.0,0
486,628782880.0,1.0,2
487,773009785.0,1.0,1
488,2987347290.0,1.0,1
489,3027183361.0,1.0,1
490,1416475323.0,1.0,2
491,2967639960.0,1.0,0
492,711953866.0,5.7,2
493,3559010526.0,1.0,1
494,2959372858.0,5.7,2
495,3055551037.0,1.0,0
496,1993689304.0,1.0,1
497,1600709074.0,1.0,2
498,2970700828.0,1.0,1
499,3280243636.0,1.0,0
500,719814793.0,1.0,0
501,1490662656.0,5.7,2
502,1918758031.0,1.0,1
503,1879665452.0,1.0,1
504,1531838236.0,1.0,0
505,1971860173.0,1.0,1
506,1360292404.0,1.0,1
507,1239375118.0,1.0,1
508,3580814589.0,1.0,1
509,3032451275.0,1.0,1
510,3681851102.0,1.0,0
511,988388015.0,1.0,1
512,1343084597.0,1.0,1
513,778009962.0,1.0,0
514,39094876.0,1.0,2
515,3730077518.0,1.0,1
516,3660505361.0,1.0,0
517,1572411629.0,5.7,2
518,1533648215.0,1.0,1
519,2015188191.0,1.0,0
520,614307044.0,1.0,1
521,3652126113.0,1.0,1
522,3575152408.0,5.7,2
523,1740934082.0,2.9,2
524,1741977430.0,1.0,1
525,3310991453.0,1.0,1
526,1389389129.0,5.7,2
527,1418961662.0,1.0,1
528,92281685.0,1.51325678497,1
529,3645369534.0,1.0,1
530,1427955630.0,1.0,0
531,453272554.0,5.7,2
532,1985683383.0,1.0,1
533,2990651821.0,1.0,2
534,3585225845.0,1.0,0
535,2085551550.0,1.0,0
536,2102808860.0,1.0,1
537,831794055.0,1.0,0
538,2989413861.0,1.0,2
539,1414254082.0,1.0,2
540,2078133537.0,1.0,1
541,1944288584.0,1.0,1
542,1467504939.0,1.0,1
543,658719529.0,1.0,1
544,2449412409.0,1.0,0
545,2057621093.0,5.7,2
546,704921880.0,1.0,1
547,3567033270.0,1.0,1
548,774320886.0,1.0,1
549,1773339370.0,1.0,0
550,774316808.0,1.0,1
551,2081561726.0,1.0,0
552,1925655725.0,1.0,0
553,827362137.0,1.0,1
554,1271773632.0,1.0,1
555,1297270756.0,1.0,0
556,1442325778.0,1.51325678497,1
557,3396071758.0,1.0,0
558,1588883005.0,5.7,2
559,999639504.0,1.0,1
560,3264594971.0,1.0,1
561,39164407.0,1.0,0
562,2103378733.0,1.0,0
563,1928742681.0,1.0,1
564,1904989885.0,1.0,0
565,20900946.0,1.0,0
566,3028247504.0,1.0,1
567,2304852906.0,1.51325678497,1
568,3701800062.0,1.0,1
569,1901825091.0,1.0,0
570,2871833445.0,1.0,1
571,2073668371.0,1.0,1
572,2994216181.0,5.7,2
573,1595448858.0,1.0,2
574,3020926981.0,1.0,1
575,782127061.0,1.0,2
576,2084795758.0,1.51325678497,1
577,1968496591.0,1.0,0
578,3563084355.0,1.4,2
579,2091011344.0,1.0,0
580,2344467739.0,1.0,1
581,974549344.0,1.0,0
582,2875855374.0,1.0,1
583,96319361.0,1.51325678497,1
584,3755746837.0,1.0,1
585,1841850854.0,1.0,0
586,454796620.0,1.0,1
587,237305023.0,1.0,1
588,1333856911.0,1.0,1
589,3066872626.0,1.0,1
590,467635964.0,1.0,1
591,992480542.0,1.0,0
592,1786523601.0,1.0,1
593,2002129823.0,1.0,1
594,3149731645.0,1.0,0
595,3158692863.0,5.7,2
596,3735590358.0,1.0,0
597,1328907329.0,1.0,1
598,2991081438.0,1.0,0
599,1732398940.0,5.7,2
600,1972143191.0,1.51325678497,1
601,1269112662.0,1.0,0
602,3747741877.0,1.0,1
603,1533811846.0,1.0,0
604,2005536329.0,1.0,0
605,1857967123.0,1.0,1
606,3732237781.0,1.0,1
607,3648405622.0,1.0,0
608,1225523589.0,1.0,1
609,238120662.0,1.0,1
610,1844633862.0,1.0,0
611,1542282817.0,1.0,1
612,2994213355.0,5.7,2
613,1339331705.0,1.0,1
614,1987955968.0,1.0,1
615,531492864.0,1.4,2
616,1349290499.0,1.0,2
617,1393142609.0,1.0,0
618,1602629759.0,1.0,2
619,1892253503.0,1.0,0
620,1309180026.0,1.0,2
621,1427812034.0,2.9,2
622,1602994787.0,1.0,2
623,831282852.0,1.0,1
624,460654698.0,1.0,0
625,3702774837.0,1.0,1
626,608143532.0,1.0,0
627,619088814.0,1.0,2
628,1332439256.0,1.0,1
629,2915129934.0,1.0,1
630,1823977885.0,1.0,0
631,2916404484.0,1.0,1
632,1974220533.0,1.0,1
633,3574936678.0,1.0,0
634,3110868134.0,1.51325678497,1
635,1844307914.0,1.0,0
636,1570607155.0,5.7,2
637,3031915258.0,5.7,2
638,773702931.0,1.0,1
639,1781525745.0,1.0,1
640,1791731614.0,5.7,2
641,1240780808.0,1.0,1
642,3170795103.0,5.7,2
643,3117077826.0,1.0,2
644,1896320143.0,1.0,0
645,622171981.0,1.0,0
646,1520059612.0,5.7,2
647,93158940.0,5.7,2
648,88939673.0,1.0,0
649,2015983470.0,1.0,1
650,1904989885.0,1.51325678497,1
651,2304852906.0,1.0,1
652,2084795758.0,1.0,1
653,1145088330.0,1.0,2
654,42217297.0,1.0,2
655,465266656.0,1.0,0
656,1794958649.0,1.0,1
657,1943570903.0,1.0,1
658,1487192296.0,1.0,1
659,1836975405.0,1.0,0
660,1963853049.0,1.0,1
661,2874336046.0,1.0,1
662,1306419447.0,5.7,2
663,1432906300.0,1.0,1
664,1840014409.0,1.0,1
665,1895974182.0,1.0,0
666,3321442051.0,1.0,0
667,1604443920.0,1.0,1
668,1881735897.0,1.0,1
669,2002133699.0,1.0,1
670,2071225731.0,1.0,1
671,1036129200.0,1.0,1
672,1782247350.0,1.0,0
673,1904993370.0,1.0,1
674,2152244303.0,1.0,0
675,2990109784.0,1.0,1
676,3722288769.0,1.0,1
677,1312745477.0,1.0,1
678,88905482.0,1.0,2
679,1929188787.0,1.0,1
680,1866161616.0,1.0,1
681,1699989532.0,1.0,1
682,1021082431.0,1.0,0
683,1879669600.0,1.0,1
684,3269730378.0,5.7,2
685,2079535978.0,1.0,1
686,1298454722.0,1.0,0
687,3513505949.0,5.7,2
688,1021082154.0,1.0,0
689,20323970.0,5.7,2
690,2027075006.0,1.0,1
691,1678562717.0,1.0,1
692,3084296847.0,1.0,1
693,1306421443.0,5.7,2
694,1451642206.0,1.0,1
695,775062552.0,1.0,1
696,2008369238.0,1.0,0
697,1700965233.0,1.0,1
698,2768241261.0,1.0,1
699,1951119239.0,5.7,2
700,3130725293.0,1.0,0
701,2004215037.0,1.0,0
702,2062893803.0,1.0,1
703,1734349338.0,5.7,2
704,1333926113.0,1.0,0
705,804752622.0,1.0,1
706,3701925666.0,1.0,0
707,610996700.0,1.0,1
708,1979196809.0,5.7,2
709,1343708657.0,1.0,1
710,1935716045.0,1.0,1
711,3754371871.0,1.0,0
712,624538052.0,5.7,2
713,2043522159.0,1.0,0
714,3155325263.0,1.4,2
715,1367929174.0,1.0,1
716,86664055.0,1.0,0
717,1028543145.0,1.0,1
718,2045152407.0,1.0,1
719,3586578599.0,1.0,2
720,2342978597.0,1.0,1
721,37528481.0,1.0,0
722,2073133326.0,1.0,0
723,3063260455.0,1.0,1
724,1879772530.0,1.0,1
725,3662943894.0,1.0,1
726,92971196.0,1.0,2
727,459353994.0,5.7,2
728,2058510139.0,5.7,2
729,3373686402.0,1.0,1
730,790590051.0,1.0,0
731,2949023360.0,1.0,1
732,3075952154.0,1.0,2
733,3737100927.0,1.0,1
734,2923336508.0,1.0,1
735,3232235786.0,1.0,1
736,3.38288524927e+38,1.0,1
737,3126296660.0,1.0,0
738,989033277.0,1.0,1
739,1885514419.0,1.0,0
740,1965345669.0,1.0,1
741,2991380911.0,1.0,2
742,3162171942.0,1.0,0
743,1370147846.0,1.0,1
744,1861694706.0,1.0,0
745,1996540296.0,1.0,0
746,1460135434.0,1.0,1
747,1728986229.0,1.0,2
748,1578739529.0,1.0,1
749,2104736633.0,1.0,0
750,3084301480.0,1.0,1
751,973772897.0,1.0,2
752,607972758.0,1.0,2
753,1918940242.0,1.0,1
754,1848941818.0,1.0,0
755,3188932817.0,1.0,1
756,1961009218.0,1.0,1
757,737498642.0,5.7,2
758,2008990390.0,1.0,1
759,1294183890.0,5.7,2
760,3641178656.0,1.0,1
761,1588931455.0,1.0,0
762,1329381321.0,1.0,1
763,1565323704.0,1.0,2
764,780809768.0,1.0,2
765,39682895.0,1.0,0
766,710719338.0,1.0,1
767,1942726249.0,1.0,1
768,531350172.0,5.7,2
769,3024267591.0,1.0,1
770,1843746025.0,1.0,2
771,1595960923.0,1.0,2
772,2955799449.0,5.7,2
773,2918460427.0,1.0,1
774,1176173995.0,1.0,0
775,1539635316.0,1.0,1
776,1760878922.0,1.4,2
777,2991384558.0,1.0,0
778,988218013.0,1.51325678497,1
779,42240450.0,1.0,0
780,3071463231.0,1.0,1
781,3064629320.0,1.0,1
782,2636486477.0,1.0,0
783,2956924531.0,5.7,2
784,980137161.0,1.0,0
785,3156943895.0,1.0,0
786,1730547699.0,4.3,2
787,4.25404881822e+37,1.0,1
788,1578482240.0,1.0,0
789,3062144066.0,1.0,0
790,1553308677.0,1.0,1
791,3165279176.0,1.51325678497,1
792,3002908830.0,1.0,1
793,531493422.0,1.4,2
794,90075340.0,1.0,0
795,2000650837.0,1.4,2
796,3580416578.0,1.0,1
797,2000650836.0,1.4,2
798,3054881376.0,1.0,1
799,4.25404882106e+37,1.0,1
800,4.25404882106e+37,1.0,1
801,3581008900.0,1.0,0
802,3560149501.0,1.0,1
803,835511369.0,5.7,2
804,2031456022.0,1.0,1
805,707912501.0,1.0,0
806,3321252824.0,1.0,0
807,2990746737.0,1.0,0
808,3736459690.0,1.0,1
809,22125952.0,1.0,2
810,3624439948.0,1.51325678497,1
811,1940111136.0,1.0,1
812,3641691116.0,1.0,1
813,2914145178.0,1.0,0
814,3278926862.0,1.0,0
815,1369537723.0,1.0,0
816,2345534176.0,1.0,1
817,633468981.0,1.0,0
818,1460469705.0,1.0,1
819,1783993628.0,1.0,1
820,1452472976.0,1.0,1
821,3649055145.0,1.0,0
822,2998664969.0,1.0,2
823,3155360145.0,1.0,2
824,1742317157.0,5.7,2
825,1941736748.0,1.0,0
826,1896802136.0,1.0,1
827,3103991622.0,1.0,0
828,1590067978.0,1.0,1
829,1376432839.0,1.51325678497,1
830,3072288134.0,1.0,1
831,2057229586.0,1.0,0
832,3661123214.0,1.0,0
833,1441938287.0,1.0,0
834,1892224358.0,1.0,0
835,1903879174.0,1.0,1
836,2152450708.0,1.0,2
837,2049580582.0,1.0,1
838,1597348336.0,1.0,0
839,604350541.0,1.0,1
840,248449981.0,5.7,2
841,3201823701.0,1.0,0
842,1566526912.0,1.0,1
843,18152973.0,5.7,2
844,1904960903.0,1.0,1
845,3009981460.0,1.0,0
846,1588856405.0,1.0,2
847,3471276390.0,1.0,0
848,3423466269.0,1.0,1
849,1307862773.0,1.0,0
850,2985147384.0,5.7,2
851,1121882254.0,1.0,2
852,1875169916.0,1.0,0
853,1347471536.0,1.0,2
854,777235626.0,1.0,0
855,1942750125.0,1.0,1
856,2128255739.0,1.0,0
857,1596294532.0,1.0,2
858,3584858118.0,1.0,0
859,1534766885.0,1.0,1
860,1468276367.0,1.0,1
861,3076530913.0,1.0,1
862,2071381826.0,1.0,1
863,1334604542.0,1.0,1
864,2037207655.0,1.0,2
865,3062786020.0,1.0,1
866,823079829.0,5.7,2
867,3164965433.0,1.0,1
868,3553182657.0,1.0,0
869,92828475.0,1.0,2
870,1834421143.0,1.0,0
871,1546086063.0,5.7,2
872,1444922951.0,1.0,1
873,1814630908.0,1.0,1
874,2986846835.0,1.0,1
875,245129741.0,1.0,0
876,3420298585.0,1.0,0
877,3581727796.0,1.0,2
878,1904659209.0,1.0,1
879,3753186601.0,1.0,0
880,1360109313.0,1.0,0
881,3170844310.0,1.0,2
882,1332420899.0,1.0,0
883,2891605433.0,1.0,0
884,3134383144.0,1.0,0
885,1535936283.0,1.0,1
886,1542877977.0,5.7,2
887,1539503685.0,1.0,0
888,1845249752.0,1.0,1
889,1706503405.0,1.0,2
890,1358615370.0,1.0,1
891,2958562286.0,1.0,0
892,1551041331.0,1.0,1
893,3154410400.0,1.0,2
894,1864508045.0,1.0,1
895,3729528473.0,1.0,2
896,2537313180.0,1.0,1
897,3523358128.0,1.0,0
898,827339454.0,1.0,1
899,3578409362.0,1.0,0
900,1632564498.0,1.0,0
901,1109393060.0,1.0,1
902,992946594.0,1.0,1
903,2516511427.0,1.0,1
904,1855705720.0,1.0,0
905,2059222477.0,1.0,1
906,3062233875.0,1.0,1
907,1731965893.0,1.4,2
908,990118660.0,1.0,1
909,1213800147.0,1.0,1
910,85362263.0,1.0,2
911,987548222.0,1.0,1
912,1840780814.0,1.0,2
913,867093313.0,1.0,0
914,3360947687.0,1.0,0
915,1055333734.0,1.0,1
916,1565398910.0,1.0,2
917,1870118950.0,5.7,2
918,3030124731.0,1.0,1
919,1432173256.0,5.7,2
920,762748217.0,1.0,2
921,3256822857.0,1.0,1
922,3104946419.0,1.0,1
923,3075638062.0,1.0,2
924,2917834691.0,1.0,0
925,2636508146.0,1.0,1
926,3076070300.0,1.0,2
927,2883150424.0,1.0,1
928,3105858961.0,1.0,1
929,2064433252.0,1.0,2
930,825332984.0,1.0,0
931,1453798904.0,1.0,1
932,2090125286.0,1.0,0
933,1405853079.0,1.0,1
934,2319128850.0,1.0,1
935,1976294263.0,5.7,2
936,2944652640.0,1.0,2
937,619105957.0,1.0,2
938,3073724060.0,1.0,0
939,2994874709.0,1.0,0
940,1893550477.0,1.0,1
941,2990874822.0,1.0,0
942,2993914227.0,1.0,1
943,3702371147.0,1.0,1
944,1333933736.0,1.0,0
945,1535925185.0,1.4,2
946,2874854388.0,1.0,1
947,2990960404.0,1.0,2
948,521722243.0,1.0,1
949,1960055626.0,1.0,0
950,1306729817.0,1.0,1
951,1039098918.0,1.0,1
952,1878136543.0,5.7,2
953,3062545505.0,1.0,1
954,2710464315.0,1.0,1
955,249538522.0,1.0,0
956,1888752314.0,1.51325678497,1
957,3057666927.0,5.7,2
958,2177932256.0,1.0,2
959,3061854388.0,1.0,1
960,1699781479.0,1.0,1
961,1170925938.0,1.0,0
962,3086844503.0,1.0,1
963,36877469.0,5.7,2
964,2533382229.0,1.0,2
965,1535902909.0,1.0,2
966,2835369533.0,1.0,1
967,1043362738.0,1.0,1
968,2192888290.0,1.0,0
969,529828744.0,1.0,0
970,3582989468.0,1.0,1
971,1536337069.0,1.0,0
972,32053607.0,1.0,1
973,2937316630.0,1.0,0
974,1730859592.0,1.4,2
975,1580394013.0,1.0,1
976,1887840109.0,5.7,2
977,3149855689.0,5.7,2
978,2956155555.0,1.0,2
979,248267018.0,1.0,0
980,225627485.0,1.0,1
981,1348133007.0,1.0,1
982,2005309292.0,1.0,0
983,736140418.0,1.4,2
984,1897599750.0,1.0,1
985,1904014988.0,1.0,1
986,1532818880.0,1.0,1
987,1533763598.0,1.0,0
988,1134849885.0,1.0,1
989,1972788754.0,1.0,1
990,1389304722.0,1.0,0
991,1298275782.0,1.0,1
992,1899364163.0,1.0,0
993,2002676967.0,1.0,1
994,1226797440.0,1.0,1
995,2989529849.0,1.0,0
996,3397459203.0,1.0,1
997,1020323364.0,1.0,0
998,1902006359.0,1.0,1
999,2882867996.0,1.0,1
1000,1321036685.0,1.0,1
1001,2883801498.0,1.0,2
1002,36818121.0,1.0,0
1003,1731810506.0,5.7,2
1004,3628582695.0,1.0,1
1005,660182524.0,1.0,1
1006,2999138782.0,1.0,0
1007,3200316679.0,1.0,2
1008,3021273873.0,1.0,1
1009,3747002101.0,1.0,1
1010,1939899202.0,1.0,1
1011,2090382984.0,1.0,0
1012,2015568141.0,1.0,1
1013,3063241256.0,1.0,1
1014,3001845489.0,1.51325678497,1
1015,1541486850.0,1.0,2
1016,755392130.0,4.3,2
1017,1886413522.0,1.0,2
1018,1562960707.0,1.0,0
1019,778217623.0,1.0,2
1020,28725864.0,1.0,0
1021,911071767.0,1.0,1
1022,1784478725.0,1.0,1
1023,3702272965.0,1.0,0
1024,1901533639.0,1.0,0
1025,1896777810.0,1.0,1
1026,1542750980.0,1.0,2
1027,3648594208.0,1.0,0
1028,1460772624.0,1.0,1
1029,2966694533.0,1.0,0
1030,3582988226.0,1.0,1
1031,1599853205.0,5.7,2
1032,1599794315.0,1.0,1
1033,3647325782.0,1.0,0
1034,2586695930.0,1.0,1
1035,1431683499.0,1.0,0
1036,988183350.0,1.0,0
1037,1947570272.0,1.0,0
1038,1581583807.0,1.0,0
1039,550765340.0,1.0,1
1040,1968727466.0,1.0,2
1041,1599650584.0,1.0,0
1042,1856567335.0,1.0,2
1043,1965853745.0,1.0,1
1044,2064668757.0,5.7,2
1045,2994222785.0,1.0,0
1046,1231913641.0,1.0,1
1047,3088506981.0,1.4,2
1048,2535189161.0,1.0,2
1049,1563145943.0,5.7,2
1050,1865014993.0,1.0,1
1051,1195693075.0,1.0,1
1052,1794829191.0,1.0,1
1053,1934353883.0,5.7,2
1054,3679389576.0,1.0,1
1055,1411111948.0,1.0,0
1056,3720640275.0,1.0,1
1057,1892436587.0,1.0,0
1058,1593576815.0,1.0,2
1059,1705417284.0,1.0,1
1060,1040016140.0,1.0,1
1061,3092834869.0,1.0,1
1062,1481717101.0,1.51325678497,1
1063,2959985475.0,1.0,1
1064,3171002116.0,2.9,2
1065,2992195102.0,1.0,0
1066,1212494097.0,1.0,1
1067,1509600969.0,1.0,1
1068,665491571.0,1.0,1
1069,790614838.0,1.0,0
1070,2943419869.0,1.0,0
1071,1606313224.0,1.0,2
1072,1217259151.0,1.0,1
1073,3157224963.0,1.0,0
1074,1900978361.0,1.0,1
1075,1892204704.0,1.0,0
1076,3039394428.0,1.0,1
1077,1295222342.0,1.0,2
1078,2994852032.0,1.0,0
1079,1729236829.0,1.0,2
1080,2343001430.0,1.0,1
1081,1234937881.0,1.0,1
1082,3160238123.0,1.0,1
1083,32237765.0,1.0,1
1084,2638074984.0,1.0,1
1085,1384562105.0,1.0,1
1086,1606199113.0,1.0,0
1087,1900617688.0,1.0,0
1088,1405836891.0,1.0,1
1089,3720801373.0,1.0,1
1090,3415301904.0,1.0,0
1091,1906237117.0,1.0,0
1092,1186113393.0,1.0,1
1093,1558022606.0,1.0,1
1094,1890373586.0,1.0,1
1095,3297543190.0,1.0,1
1096,3582988227.0,1.0,1
1097,2918183045.0,1.0,1
1098,2078764101.0,5.7,2
1099,1026790052.0,1.0,0
1100,3546380731.0,1.0,1
1101,4.25404881822e+37,1.0,1
1102,995929886.0,5.7,2
1103,3075610335.0,1.0,0
1104,2088371591.0,1.0,2
1105,1220884330.0,1.0,0
1106,698524210.0,1.0,1
1107,1963543368.0,1.0,1
1108,2999178688.0,1.0,1
1109,3747346581.0,1.0,1
1110,1900582943.0,1.0,1
1111,1323759287.0,1.0,1
1112,2197870677.0,1.0,0
1113,3072526741.0,1.0,0
1114,1968752425.0,1.0,1
1115,2990681633.0,1.0,0
1116,1879435980.0,5.7,2
1117,28363194.0,1.0,0
1118,3572587372.0,1.0,1
1119,1537236941.0,1.0,1
1120,1845250325.0,1.0,0
1121,3311008039.0,1.0,1
1122,1604360277.0,5.7,2
1123,774949878.0,5.7,2
1124,2916403734.0,1.0,1
1125,3722311731.0,1.0,1
1126,1834688762.0,5.7,2
1127,1508814965.0,1.0,1
1128,3106625456.0,1.0,1
1129,1533644120.0,5.7,2
1130,1395546588.0,1.0,1
1131,2997714362.0,1.0,1
1132,693541214.0,1.0,1
1133,2990874911.0,1.0,0
1134,1435294175.0,1.0,0
1135,2015687899.0,1.0,0
1136,1935613228.0,1.0,0
1137,1885372495.0,1.0,2
1138,1597502435.0,1.0,0
1139,628145383.0,1.0,0
1140,2094380484.0,1.0,2
1141,2015370590.0,1.0,2
1142,1326001095.0,1.0,1
1143,2949273502.0,1.0,1
1144,3708008012.0,1.0,1
1145,1500209497.0,1.51325678497,1
1146,2104807432.0,1.0,1
1147,3107666574.0,1.0,2
1148,1571850799.0,1.0,1
1149,3524440938.0,5.7,2
1150,3588644482.0,5.7,2
1151,1283111552.0,1.0,1
1152,1530935372.0,1.0,1
1153,1930740484.0,1.0,1
1154,3584950474.0,1.0,1
1155,3010345423.0,1.0,0
1156,2960337526.0,1.0,2
1157,975342031.0,1.0,1
1158,1503165434.0,1.0,0
1159,2988610654.0,1.0,0
1160,2246866191.0,1.0,1
1161,1841923834.0,1.51325678497,1
1162,3679963851.0,1.0,1
1163,1878235414.0,1.0,0
1164,1567442905.0,1.0,1
1165,1030781726.0,1.0,1
1166,691158061.0,1.0,1
1167,1927923509.0,1.0,0
1168,2904599600.0,1.0,1
1169,1609990174.0,1.0,0
1170,1938438206.0,1.0,1
1171,1022770167.0,1.0,1
1172,1535869448.0,1.0,0
1173,1577900598.0,1.0,1
1174,3315354931.0,5.7,2
1175,1491526244.0,1.0,1
1176,3000758550.0,1.0,0
1177,2937986587.0,1.0,1
1178,774309082.0,1.0,0
1179,3158221911.0,1.0,1
1180,2203935309.0,1.0,1
1181,831922487.0,1.0,0
1182,3163507236.0,1.0,1
1183,633386081.0,1.0,0
1184,3547704527.0,1.51325678497,1
1185,2344710220.0,5.7,2
1186,3170119289.0,1.0,1
1187,782678828.0,1.0,2
1188,3696326854.0,1.0,0
1189,2086634245.0,1.0,1
1190,3164934320.0,1.0,2
1191,1841514064.0,1.0,1
1192,2069908872.0,1.0,0
1193,1399228316.0,1.0,1
1194,3733391475.0,1.0,1
1195,3683712853.0,1.0,1
1196,3515719374.0,1.0,0
1197,1608338216.0,1.0,0
1198,630424214.0,1.51325678497,1
1199,1778101570.0,1.0,1
1200,1408488804.0,1.0,1
1201,1656757944.0,1.0,1
1202,248874405.0,1.0,0
1203,1943479652.0,1.0,0
1204,531493143.0,1.51325678497,1
1205,825266721.0,1.0,0
1206,1375000676.0,1.0,0
1207,1517319054.0,1.0,1
1208,974418392.0,1.0,1
1209,3154520472.0,1.0,0
1210,2105585400.0,1.0,1
1211,1413113129.0,1.0,1
1212,1419569763.0,1.0,1
1213,3742437809.0,1.0,1
1214,1310656141.0,1.0,1
1215,463152658.0,1.0,0
1216,1138086411.0,1.0,2
1217,1868500615.0,1.0,0
1218,1540785052.0,5.7,2
1219,3697564094.0,1.0,1
1220,531950224.0,1.0,0
1221,1054693829.0,1.0,2
1222,1455027675.0,1.0,1
1223,2311135287.0,1.0,1
1224,3164824160.0,1.0,0
1225,3240709446.0,4.3,2
1226,916767023.0,1.0,1
1227,2699971637.0,1.4,2
1228,36908031.0,1.0,0
1229,631122627.0,1.0,0
1230,3162013846.0,1.0,1
1231,2039460391.0,1.0,1
1232,2087883787.0,1.0,1
1233,993864754.0,1.0,0
1234,2001921714.0,1.0,1
1235,737247787.0,5.7,2
1236,1460279114.0,1.0,1
1237,1501994626.0,1.51325678497,1
1238,1112164883.0,1.0,0
1239,1600749429.0,1.0,2
1240,2989251796.0,5.7,2
1241,2014292589.0,1.0,0
1242,3534919930.0,1.0,1
1243,3285439527.0,1.0,1
1244,1348029766.0,1.0,0
1245,1731783700.0,1.4,2
1246,1744160418.0,1.4,2
1247,1009436824.0,1.0,0
1248,2966851525.0,1.0,0
1249,3155360483.0,1.0,2
1250,237758387.0,1.0,0
1251,1310348777.0,1.0,1
1252,1705861781.0,1.0,1
1253,2006485037.0,5.7,2
1254,3149731706.0,4.3,2
1255,719993267.0,1.0,0
1256,2004283302.0,1.0,0
1257,1298007336.0,1.0,1
1258,3314811835.0,1.0,2
1259,100342903.0,5.7,2
1260,1773869816.0,1.0,0
1261,1589999708.0,1.4,2
1262,1490082410.0,1.0,1
1263,832018923.0,1.0,2
1264,1296312694.0,1.0,1
1265,3742410647.0,1.0,1
1266,1413129388.0,1.0,1
1267,4.25404882106e+37,1.0,1
1268,4.25404881822e+37,1.0,1
1269,776568632.0,1.0,0
1270,973127417.0,1.0,0
1271,3729661489.0,1.0,0
1272,2076852387.0,1.0,1
1273,1041163657.0,1.0,1
1274,3067938988.0,1.0,1
1275,3212763966.0,1.0,0
1276,2117914061.0,1.0,1
1277,2994214494.0,1.0,0
1278,661681626.0,1.0,1
1279,1015840717.0,1.0,0
1280,710298075.0,1.0,1
1281,3579283295.0,10.0,2
1282,635382143.0,1.51325678497,1
1283,3065263472.0,1.0,1
1284,3703285020.0,1.0,0
1285,621150284.0,1.4,2
1286,3060638100.0,1.0,1
1287,1088940370.0,1.0,2
1288,691171310.0,1.0,1
1289,1597702232.0,1.0,2
1290,1236565086.0,1.0,1
1291,1791592586.0,1.4,2
1292,1889538292.0,1.0,1
1293,405404104.0,1.0,2
1294,2260999766.0,1.0,2
1295,1911980026.0,1.0,1
1296,3075639412.0,1.0,2
1297,1408253207.0,1.0,0
1298,466617368.0,1.0,1
1299,1582221884.0,1.0,2
1300,2037870088.0,1.0,0
1301,774213287.0,1.0,0
1302,1435239252.0,5.7,2
1303,3311124273.0,1.0,0
1304,1181843032.0,1.0,1
1305,3071301491.0,1.0,1
1306,20011812.0,1.0,1
1307,1997670250.0,1.0,2
1308,1990832415.0,1.0,2
1309,1349197682.0,1.0,1
1310,1385659199.0,2.9,2
1311,2988620734.0,1.51325678497,1
1312,1845242973.0,1.0,0
1313,2098821660.0,5.7,2
1314,2077594630.0,1.0,1
1315,1409442267.0,1.0,0
1316,3453423336.0,1.0,1
1317,2995611013.0,5.7,2
1318,455957265.0,1.0,1
1319,2071004032.0,1.0,0
1320,3.38288524927e+38,1.0,1
1321,3104946400.0,1.0,1
1322,1974844595.0,1.0,1
1323,1357442825.0,1.0,1
1324,3062302524.0,1.0,1
1325,2818610424.0,1.0,1
1326,1565957762.0,1.0,0
1327,775359150.0,1.0,1
1328,3754417414.0,1.0,1
1329,1968912465.0,1.0,2
1330,3027404757.0,1.51325678497,1
1331,2031339518.0,1.0,1
1332,4.25404882106e+37,1.0,1
1333,3001682517.0,1.51325678497,1
1334,623881845.0,5.7,2
1335,2103182804.0,1.0,1
1336,22272385.0,1.0,1
1337,4.25404882106e+37,1.0,1
1338,1426940684.0,1.0,1
1339,411426342.0,1.0,1
1340,1974918847.0,1.0,1
1341,1023345107.0,1.0,0
1342,2946322150.0,5.7,2
1343,4.25430845684e+37,1.51325678497,1
1344,1783680089.0,1.0,1
1345,1362195989.0,1.0,1
1346,3723140586.0,1.0,1
1347,1844324888.0,1.0,1
1348,1741807345.0,1.4,2
1349,1578609864.0,1.4,2
1350,662755104.0,1.0,1
1351,1700192832.0,1.51325678497,1
1352,1832950712.0,1.0,0
1353,1921490697.0,1.0,1
1354,1883375173.0,1.0,0
1355,1928051165.0,1.0,2
1356,1863209293.0,1.0,1
1357,1600824549.0,1.0,2
1358,1311007055.0,1.0,1
1359,824292756.0,1.0,1
1360,1965213610.0,1.0,0
1361,3083363734.0,1.0,0
1362,2992173776.0,5.7,2
1363,3723256318.0,1.0,0
1364,2061815819.0,1.0,1
1365,459361555.0,5.7,2
1366,3071935031.0,1.0,1
1367,1974868023.0,1.0,1
1368,3696427993.0,1.0,1
1369,1742263533.0,1.0,2
1370,2076793460.0,1.0,0
1371,1022768621.0,1.0,1
1372,1881657279.0,1.0,1
1373,2076251519.0,1.0,1
1374,1380271385.0,1.0,1
1375,2883563411.0,1.0,1
1376,3553195442.0,1.0,0
1377,1879741668.0,1.0,1
1378,2346849742.0,1.0,1
1379,1605570236.0,1.0,1
1380,1892617899.0,1.0,0
1381,1528850110.0,1.0,1
1382,3683041431.0,1.0,1
1383,2871319679.0,1.0,2
1384,453937836.0,1.0,1
1385,531493657.0,1.4,2
1386,3564135493.0,1.51325678497,1
1387,2076886554.0,1.0,1
1388,2085428820.0,1.0,0
1389,529005762.0,1.0,0
1390,2304854440.0,1.0,1
1391,1972096443.0,1.0,1
1392,4.78782102787e+37,1.0,1
1393,1876820831.0,1.0,1
1394,3732060935.0,1.0,1
1395,2945209275.0,1.0,0
1396,3746494347.0,1.0,1
1397,988232290.0,1.0,0
1398,1969122686.0,1.0,0
1399,3192852705.0,1.0,2
1400,3083482078.0,1.0,1
1401,530717834.0,1.0,2
1402,3320701708.0,5.7,2
1403,3069585599.0,1.0,1
1404,2637301509.0,1.0,1
1405,3231853274.0,1.0,0
1406,1904997806.0,1.0,0
1407,1420069621.0,1.0,0
1408,2959440060.0,1.0,1
1409,1358575278.0,1.0,0
1410,1022768621.0,1.51325678497,1
1411,2883698942.0,5.7,2
1412,2109036365.0,1.0,1
1413,1881550118.0,1.0,1
1414,584648194.0,1.0,1
1415,1386230520.0,1.0,1
1416,1565080889.0,1.0,1
1417,1909307686.0,1.0,0
1418,3283622531.0,1.0,1
1419,1879419100.0,1.0,1
1420,3086703828.0,1.0,1
1421,1896907152.0,1.0,1
1422,20542721.0,1.0,0
1423,1605266887.0,1.0,1
1424,2078891657.0,1.0,0
1425,3079053504.0,1.0,1
1426,2110874587.0,5.7,2
1427,586821307.0,1.0,1
1428,918718441.0,1.0,1
1429,2548340281.0,1.0,1
1430,1903529747.0,1.0,1
1431,88939547.0,5.7,2
1432,1594548818.0,1.0,2
1433,243055815.0,1.0,1
1434,1921655451.0,1.0,0
1435,1892435258.0,1.0,0
1436,3559242622.0,1.0,0
1437,1439434235.0,1.0,2
1438,1502871884.0,1.0,2
1439,633136201.0,1.0,2
1440,1875325476.0,1.0,1
1441,1902851362.0,1.51325678497,1
1442,2779349897.0,1.0,0
1443,2374565656.0,1.0,0
1444,2536998336.0,1.0,1
1445,605423327.0,1.0,0
1446,635303417.0,2.9,2
1447,1522601578.0,1.0,1
1448,988454199.0,1.0,1
1449,1534079878.0,1.0,1
1450,2959650129.0,1.0,2
1451,1991728242.0,1.0,1
1452,1129422323.0,1.0,0
1453,3385896565.0,1.0,0
1454,4.25404881822e+37,1.0,1
1455,1946696012.0,1.0,1
1456,248355607.0,1.0,0
1457,1800273032.0,1.0,1
1458,2956199373.0,5.7,2
1459,1176154628.0,1.0,2
1460,243195819.0,1.0,1
1461,1500696017.0,1.0,0
1462,1389395521.0,5.7,2
1463,871078152.0,1.0,0
1464,3075687765.0,1.0,2
1465,1377771278.0,1.0,1
1466,2606613632.0,1.0,1
1467,95637212.0,1.0,0
1468,1321115477.0,1.0,1
1469,1914367826.0,1.0,2
1470,1824813564.0,1.0,1
1471,1995511622.0,1.0,1
1472,3662806789.0,1.0,0
1473,1827062129.0,1.0,0
1474,3159597841.0,1.0,2
1475,4.25404882106e+37,1.0,1
1476,3030351053.0,1.0,1
1477,3075693857.0,1.0,2
1478,1993507359.0,1.0,2
1479,2008345061.0,1.0,1
1480,3738240544.0,1.0,1
1481,1892054730.0,1.0,0
1482,3650330699.0,1.0,1
1483,3001923162.0,1.0,0
1484,1864077735.0,1.0,1
1485,1607718384.0,1.0,1
1486,3171293764.0,5.7,2
1487,2077062996.0,1.0,0
1488,2875318032.0,1.0,0
1489,1406988047.0,1.0,1
1490,2990633885.0,1.0,2
1491,2997412025.0,1.0,2
1492,2000186388.0,1.0,0
1493,2183872060.0,1.0,0
1494,1869355804.0,1.0,1
1495,1442070534.0,1.0,2
1496,2071101187.0,1.0,1
1497,1035255190.0,1.0,0
1498,1856462217.0,1.0,2
1499,1789369579.0,1.0,0
1500,1578602605.0,1.0,1
1501,31894266.0,1.0,1
1502,3064280687.0,1.0,0
1503,1941750783.0,1.0,2
1504,1892045128.0,1.0,0
1505,1539603318.0,2.9,2
1506,2112313799.0,1.0,2
1507,1598987383.0,1.0,1
1508,2304871452.0,1.0,1
1509,460823785.0,1.0,0
1510,1473135213.0,1.0,0
1511,1800273012.0,1.0,1
1512,607970505.0,1.0,2
1513,1386243507.0,1.0,1
1514,1421987995.0,1.0,1
1515,1950947780.0,1.0,0
1516,3648409182.0,1.4,2
1517,762635786.0,10.0,2
1518,3165138222.0,1.0,1
1519,1444282192.0,1.0,1
1520,1012644773.0,1.0,0
1521,528994927.0,1.0,1
1522,2102809494.0,1.0,1
1523,85837353.0,1.0,1
1524,1343749602.0,1.0,1
1525,716376182.0,1.0,1
1526,1729880961.0,1.0,0
1527,2569203911.0,1.0,1
1528,3274698492.0,1.0,1
1529,3398977354.0,2.9,2
1530,3104946421.0,1.0,1
1531,838078472.0,5.7,2
1532,1892359770.0,1.0,0
1533,620828636.0,1.0,2
1534,762347380.0,1.0,1
1535,692615248.0,2.9,2
1536,2009485780.0,1.0,1
1537,459398928.0,5.7,2
1538,1779499057.0,1.0,0
1539,3205696141.0,1.0,0
1540,2959489603.0,1.0,2
1541,2956199469.0,1.0,0
1542,3411683598.0,1.51325678497,1
1543,1023866721.0,1.0,1
1544,2039204845.0,1.0,1
1545,2600763702.0,1.0,0
1546,1435329007.0,1.0,1
1547,3755766857.0,1.0,1
1548,94845982.0,1.0,0
1549,1917594231.0,1.0,0
1550,992457466.0,1.0,1
1551,2993950422.0,1.0,0
1552,1049605932.0,1.0,0
1553,1572412649.0,1.0,0
1554,1607696518.0,1.0,1
1555,3082919696.0,1.0,1
1556,3104946422.0,1.0,1
1557,4.25404882106e+37,1.0,1
1558,3291742772.0,1.0,1
1559,1023903652.0,1.0,1
1560,2073390653.0,1.0,1
1561,3069473656.0,1.0,1
1562,1494483955.0,1.0,2
1563,2966735904.0,1.0,2
1564,2953795369.0,1.51325678497,1
1565,453296615.0,1.0,1
1566,1835853482.0,1.0,1
1567,1992151460.0,1.0,1
1568,1203968278.0,1.0,1
1569,771240914.0,1.0,1
1570,3742426211.0,1.0,1
1571,1938086715.0,1.0,1
1572,2609846167.0,1.0,1
1573,3731399299.0,1.0,1
1574,1773871945.0,1.0,0
1575,4.25404882106e+37,1.0,1
1576,3748900184.0,1.0,0
1577,2988597956.0,1.0,2
1578,786418747.0,1.0,0
1579,1602520652.0,1.0,2
1580,4.25404881822e+37,1.0,1
1581,835615933.0,5.7,2
1582,1768875171.0,1.0,0
1583,2937316499.0,1.0,0
1584,3419558972.0,2.9,2
1585,3420027208.0,1.0,0
1586,1239409455.0,1.0,1
1587,2053806195.0,1.0,1
1588,1729582391.0,1.0,1
1589,3657976537.0,5.7,2
1590,454768076.0,1.0,0
1591,712184812.0,1.4,2
1592,2033590411.0,1.0,0
1593,1488761638.0,1.0,0
1594,1585830007.0,1.0,2
1595,3098330512.0,1.0,1
1596,2990711607.0,1.0,0
1597,1786088744.0,1.0,1
1598,1029318638.0,1.0,2
1599,94798064.0,1.0,0
1600,3210275860.0,1.0,0
1601,1593803525.0,1.0,0
1602,3000076663.0,1.0,1
1603,2857488666.0,1.4,2
1604,1554593284.0,1.0,1
1605,2991806107.0,1.0,1
1606,2990859280.0,1.0,2
1607,1912276481.0,1.0,0
1608,992639745.0,1.0,0
1609,2991464831.0,1.0,2
1610,3081458109.0,1.0,1
1611,1033803078.0,5.7,2
1612,2231042177.0,5.7,2
1613,3671184137.0,1.0,1
1614,1503717735.0,1.0,0
1615,1868906321.0,1.0,1
1616,1963686372.0,1.0,1
1617,3149090024.0,1.0,2
1618,3195621473.0,1.0,0
1619,2078765844.0,1.0,1
1620,1202165440.0,1.0,1
1621,2058287920.0,5.7,2
1622,1849090711.0,1.0,1
1623,1542680223.0,1.0,1
1624,415252899.0,1.0,1
1625,2084351890.0,1.0,1
1626,1531787546.0,1.0,0
1627,1907658760.0,1.0,1
1628,460463440.0,1.0,0
1629,29013581.0,5.7,2
1630,1294548430.0,1.0,0
1631,3.38288524927e+38,1.0,1
1632,1335591532.0,1.0,1
1633,1332781270.0,1.0,0
1634,2867294873.0,1.0,1
1635,1570761520.0,1.0,1
1636,1744612338.0,7.1,2
1637,461547649.0,1.0,0
1638,1842024702.0,1.0,1
1639,1193507737.0,1.0,1
1640,2107745644.0,1.0,2
1641,701783978.0,1.0,0
1642,3287976914.0,1.0,1
1643,701359981.0,1.4,2
1644,2869224917.0,1.0,2
1645,1352106979.0,1.0,0
1646,627697101.0,5.7,2
1647,2006655248.0,5.7,2
1648,3155690949.0,1.0,2
1649,3135422366.0,1.0,2
1650,3244892210.0,1.0,1
1651,1741787025.0,5.7,2
1652,2957478465.0,1.0,0
1653,3138677117.0,1.0,1
1654,2966869707.0,1.0,0
1655,1488088571.0,1.0,1
1656,2857554771.0,1.0,0
1657,2971090809.0,1.0,1
1658,1635749342.0,1.0,0
1659,3177641059.0,1.0,1
1660,1892684014.0,1.0,0
1661,1434734146.0,1.0,2
1662,3106552899.0,1.0,1
1663,3049425397.0,1.0,2
1664,3075542350.0,10.0,2
1665,1677626583.0,1.0,1
1666,3585146662.0,1.0,0
1667,1760879052.0,5.7,2
1668,1318759365.0,2.9,2
1669,782667345.0,1.0,1
1670,1504799272.0,1.0,1
1671,831555285.0,1.0,2
1672,3584839577.0,1.0,0
1673,1569472386.0,1.0,1
1674,2867294866.0,1.0,1
1675,2972340631.0,1.0,1
1676,693766434.0,5.7,2
1677,3576788596.0,1.0,2
1678,825356787.0,4.3,2
1679,629946883.0,1.0,0
1680,1585331683.0,1.0,0
1681,1044561865.0,1.0,1
1682,1365177481.0,1.0,0
1683,1332839847.0,1.51325678497,1
1684,2536738768.0,1.0,1
1685,3202939035.0,1.0,2
1686,3204873857.0,1.0,0
1687,2876410486.0,1.0,1
1688,1294142172.0,1.0,0
1689,3014914322.0,1.0,1
1690,1572410226.0,1.0,2
1691,2892126046.0,5.7,2
1692,996575873.0,1.0,2
1693,2956665302.0,1.0,1
1694,1320995611.0,1.0,1
1695,657220890.0,1.0,0
1696,835613833.0,5.7,2
1697,2826530460.0,1.0,1
1698,3206758475.0,1.0,0
1699,1096606273.0,1.0,2
1700,3001695145.0,1.0,1
1701,3148517612.0,1.0,0
1702,1536329877.0,1.0,1
1703,630426495.0,1.0,2
1704,1403461106.0,1.0,0
1705,3112558666.0,5.7,2
1706,3523774511.0,1.0,1
1707,42384205.0,5.7,2
1708,1570607109.0,1.4,2
1709,2733457934.0,1.0,0
1710,1370367473.0,1.0,2
1711,2534439419.0,1.0,1
1712,3551676565.0,1.0,0
1713,1054688452.0,1.0,2
1714,3574653995.0,1.0,0
1715,3006749628.0,1.0,0
1716,3654859680.0,1.0,0
1717,3206697129.0,1.0,1
1718,1592964562.0,1.0,2
1719,1941643804.0,5.7,2
1720,1768733187.0,5.7,2
1721,1342752832.0,1.0,1
1722,3110593368.0,1.0,1
1723,782676775.0,1.0,1
1724,1551815113.0,1.0,1
1725,3154852854.0,1.0,1
1726,1604199940.0,1.0,0
1727,1514541083.0,1.0,0
1728,2631008535.0,1.0,1
1729,3039590994.0,1.0,2
1730,1179170368.0,1.0,1
1731,2833807872.0,1.0,0
1732,84695147.0,1.0,2
1733,1401377101.0,1.0,1
1734,661502369.0,1.0,0
1735,2449410391.0,5.7,2
1736,1280594372.0,1.0,0
1737,3144541495.0,1.0,1
1738,1146383059.0,1.0,1
1739,3275804823.0,5.7,2
1740,3014823373.0,1.0,1
1741,3708225421.0,1.0,1
1742,1776492097.0,1.0,1
1743,1568500556.0,5.7,2
1744,3156591899.0,1.0,2
1745,1519866520.0,5.7,2
1746,3142218392.0,1.0,0
1747,3422271858.0,1.0,1
1748,1832836988.0,1.0,2
1749,95218574.0,5.7,2
1750,38861790.0,1.0,0
1751,1471767361.0,1.0,1
1752,3173960354.0,1.0,0
1753,2395253185.0,1.0,0
1754,1290006436.0,1.0,0
1755,3393254600.0,1.0,1
1756,2891585514.0,1.0,0
1757,1177368918.0,1.0,2
1758,1744570001.0,5.7,2
1759,1706355185.0,1.0,0
1760,3104058182.0,1.0,1
1761,1334039970.0,1.0,2
1762,1885174532.0,1.0,1
1763,1528874292.0,1.0,1
1764,1929045148.0,1.0,1
1765,1781754846.0,5.7,2
1766,1706077007.0,1.0,1
1767,1467265774.0,5.7,2
1768,3649262197.0,4.3,2
1769,3655439462.0,1.0,1
1770,1377644337.0,1.0,1
1771,1907197660.0,5.7,2
1772,3317479939.0,1.0,1
1773,2537312779.0,1.0,1
1774,3641083458.0,1.0,1
1775,92565526.0,1.0,0
1776,2999708185.0,5.7,2
1777,2972043527.0,5.7,2
1778,1203863898.0,1.0,1
1779,3013274209.0,1.0,1
1780,1293735002.0,1.4,2
1781,1565886727.0,5.7,2
1782,3005935954.0,1.0,0
1783,2985459211.0,1.0,1
1784,824338222.0,1.0,1
1785,3373680647.0,1.0,1
1786,2996224383.0,1.0,0
1787,3204874122.0,1.0,1
1788,3149703223.0,5.7,2
1789,1306424689.0,1.0,2
1790,3016972341.0,1.0,1
1791,2449454028.0,5.7,2
1792,533767692.0,1.0,0
1793,2943690353.0,1.0,1
1794,2994279935.0,1.0,0
1795,1294402926.0,1.0,1
1796,701359973.0,1.4,2
1797,3176290916.0,1.0,2
1798,3266374459.0,1.0,0
1799,2112299246.0,1.0,2
1800,1294660330.0,1.0,1
1801,455982365.0,1.0,1
1802,1453571795.0,1.0,1
1803,697299670.0,1.0,0
1804,3587220060.0,1.51325678497,1
1805,2063800043.0,1.0,1
1806,3275804877.0,5.7,2
1807,238021046.0,1.0,1
1808,243558785.0,1.0,0
1809,1171027436.0,1.0,2
1810,3138035596.0,1.0,0
1811,2867294868.0,1.0,1
1812,3564141293.0,1.0,0
1813,1843618033.0,1.0,2
1814,1741987579.0,5.7,2
1815,1497589177.0,1.0,1
1816,2667611891.0,5.7,2
1817,533337178.0,1.0,1
1818,1578468721.0,1.0,1
1819,528789341.0,1.0,0
1820,3066636635.0,1.0,0
1821,1411085445.0,1.0,1
1822,19164459.0,1.0,1
1823,1450775047.0,1.0,0
1824,2082505414.0,1.0,1
1825,1487099388.0,1.0,1
1826,1755552581.0,1.0,2
1827,1367564647.0,1.0,1
1828,1394116275.0,1.0,0
1829,773866115.0,1.0,0
1830,1597504633.0,1.0,0
1831,1136739359.0,1.0,2
1832,88898051.0,1.0,2
1833,1473489458.0,1.0,1
1834,789298065.0,1.0,1
1835,3360887829.0,1.0,0
1836,3315465548.0,5.7,2
1837,4.25404881822e+37,1.0,1
1838,4.25404882106e+37,1.0,1
1839,4.25404882106e+37,1.0,1
1840,4.25404882106e+37,1.0,1
1841,4.25404882106e+37,1.0,1
1842,1507327476.0,1.0,1
1843,1840029486.0,1.0,1
1844,4.25404881914e+37,1.0,1
1845,783550345.0,1.0,0
1846,1312279049.0,1.0,1
1847,1403744766.0,1.0,0
1848,3416519007.0,5.7,2
1849,1473054844.0,1.0,1
1850,4.25404881914e+37,1.0,1
1851,4.25404882106e+37,1.0,1
1852,4.25404881914e+37,1.0,1
1853,4.25404882106e+37,1.0,1
1854,4.25404882106e+37,1.0,1
1855,4.25404882106e+37,1.0,1
1856,1315034364.0,1.0,0
1857,4.25404882106e+37,1.0,1
1858,1494463114.0,1.0,1
1859,4.25404881822e+37,1.0,1
1860,1768088591.0,1.0,2
1861,984847633.0,1.0,1
1862,3175433167.0,1.0,0
1863,657188680.0,5.7,2
1864,3162240283.0,1.0,1
1865,1349546720.0,1.0,0
1866,2831299122.0,1.0,2
1867,1223346005.0,1.0,1
1868,1531113454.0,1.0,1
1869,455239912.0,1.0,2
1870,2916267951.0,1.0,0
1871,2393283787.0,1.0,0
1872,2006549002.0,5.7,2
1873,1365695455.0,1.51325678497,1
1874,870260928.0,1.51325678497,1
1875,1325498714.0,1.0,1
1876,4.25404882106e+37,1.0,1
1877,1186294206.0,1.0,0
1878,1343199209.0,1.0,1
1879,1351869239.0,1.0,1
1880,3014903498.0,1.0,1
1881,4.25404882106e+37,1.0,1
1882,3172624937.0,1.0,1
1883,1776444275.0,1.0,2
1884,3141142135.0,1.0,1
1885,3720215474.0,1.0,1
1886,1565294277.0,1.0,0
1887,1325886216.0,1.0,1
1888,2990311919.0,1.0,0
1889,1332854562.0,1.0,1
1890,4.25404882106e+37,1.0,1
1891,1832913723.0,1.0,2
1892,3587654475.0,1.0,1
1893,1495535170.0,1.0,2
1894,1170929874.0,1.0,0
1895,1570481156.0,1.0,0
1896,3165125365.0,1.0,2
1897,613788815.0,1.0,1
1898,3044122126.0,1.0,1
1899,613750571.0,1.0,0
1900,871089932.0,1.0,2
1901,2002669904.0,1.0,1
1902,1009858696.0,1.0,0
1903,1111568894.0,1.0,2
1904,2835391426.0,1.0,0
1905,3108962790.0,2.9,2
1906,3010357541.0,1.51325678497,1
1907,613777625.0,1.0,0
1908,35341314.0,1.0,1
1909,613765707.0,1.0,0
1910,4.25404881914e+37,1.0,1
1911,613781889.0,1.0,0
1912,756777432.0,1.0,0
1913,1536306882.0,1.0,1
1914,2327473916.0,1.0,0
1915,2089968790.0,1.0,0
1916,1796702726.0,1.0,1
1917,2783239592.0,1.0,1
1918,2012709160.0,1.0,1
1919,3200539986.0,1.0,1
1920,1572079436.0,1.0,1
1921,1472134290.0,1.0,1
1922,1522314304.0,1.0,0
1923,1565144035.0,1.0,1
1924,2964260203.0,1.0,1
1925,3158063857.0,1.0,0
1926,4.25404882106e+37,1.0,1
1927,1451092936.0,1.0,0
1928,2974516146.0,5.7,2
1929,1367406586.0,1.0,1
1930,3589202987.0,1.0,0
1931,1429901197.0,1.0,0
1932,3582614540.0,1.0,2
1933,1915718103.0,1.0,0
1934,1147280005.0,1.0,0
1935,17514178.0,1.0,0
1936,1314935128.0,1.4,2
1937,1303449275.0,1.0,0
1938,599985740.0,1.0,1
1939,4.25404882106e+37,1.0,1
1940,997440562.0,1.0,0
1941,1597674706.0,5.7,2
1942,3107058470.0,1.0,1
1943,3014789269.0,1.0,1
1944,1329482990.0,1.0,1
1945,2992263973.0,1.0,2
1946,1566280301.0,1.0,0
1947,521794344.0,1.0,0
1948,1808951896.0,1.0,0
1949,3039395410.0,1.0,1
1950,2449454177.0,5.7,2
1951,1536311417.0,1.0,1
1952,3512677222.0,5.7,2
1953,1562682124.0,1.0,1
1954,1595808176.0,1.0,0
1955,1333662080.0,1.0,0
1956,1333194242.0,1.0,0
1957,1451097305.0,1.0,0
1958,1240979189.0,1.0,1
1959,1182369003.0,1.0,2
1960,1550776267.0,1.0,0
1961,3192406604.0,1.0,0
1962,1042614806.0,1.0,1
1963,2875267862.0,1.0,0
1964,3248049962.0,1.0,2
1965,981004704.0,1.0,1
1966,1813687799.0,1.0,1
1967,2976596215.0,1.0,1
1968,1051745117.0,1.0,0
1969,2390872136.0,1.0,0
1970,584179858.0,1.0,1
1971,2087885482.0,1.0,1
1972,3584858198.0,1.0,0
1973,1596927275.0,1.0,0
1974,3537787762.0,1.0,1
1975,2499489289.0,1.0,1
1976,3232235784.0,1.0,1
1977,624000638.0,5.7,2
1978,1937727665.0,1.51325678497,1
1979,770826095.0,1.0,0
1980,1741136134.0,8.6,2
1981,701774523.0,1.51325678497,1
1982,3232235778.0,1.0,1
1983,3580044050.0,1.0,1
1984,995991159.0,1.0,0
1985,1856733178.0,1.0,0
1986,2031107992.0,1.0,1
1987,1497369295.0,5.7,2
1988,1342433871.0,1.0,0
1989,693811825.0,1.0,0
1990,630064787.0,5.7,2
1991,1730546718.0,4.3,2
1992,1914893240.0,1.0,1
1993,1975959884.0,5.7,2
1994,1886908382.0,1.0,1
1995,96319801.0,1.0,1
1996,1968255870.0,5.7,2
1997,1758417666.0,1.0,1
1998,1942031256.0,1.0,1
1999,1395432144.0,1.0,1
2000,2944934710.0,1.0,0
2001,995824110.0,5.7,2
2002,1387452060.0,1.0,0
2003,1742865720.0,1.0,0
2004,2104477220.0,1.0,0
2005,2120149835.0,1.0,1
2006,843145409.0,1.0,1
2007,993537643.0,2.9,2
2008,4.25404882106e+37,1.0,1
2009,704282692.0,1.0,0
2010,3032439831.0,1.0,1
2011,2818150408.0,1.0,1
2012,3105216683.0,1.0,1
2013,1592979010.0,5.7,2
2014,1721620484.0,1.0,1
2015,1890373511.0,1.0,1
2016,3013556273.0,1.0,1
2017,1022799886.0,1.0,1
2018,3588646414.0,2.9,2
2019,4.25404882106e+37,1.0,1
2020,3034189913.0,1.0,0
2021,453327631.0,1.0,0
2022,1602963524.0,1.0,0
2023,917287093.0,1.0,1
2024,694718222.0,1.0,0
2025,824268731.0,1.0,1
2026,1984159694.0,1.4,2
2027,3155933278.0,1.0,0
2028,3526764364.0,1.0,1
2029,698654156.0,1.0,1
2030,1811050620.0,1.0,1
2031,1018472924.0,1.0,0
2032,3679299017.0,1.0,1
2033,3728936629.0,1.0,0
2034,1376458275.0,1.0,1
2035,1834893971.0,1.0,1
2036,1570496397.0,1.0,0
2037,2034918316.0,1.0,1
2038,3327433243.0,1.0,0
2039,520729637.0,1.0,0
2040,1928236283.0,1.51325678497,1
2041,3076017798.0,5.7,2
2042,1382440137.0,1.0,1
2043,3191536658.0,1.0,1
2044,1300763442.0,1.0,1
2045,1776589958.0,1.0,0
2046,3582987324.0,1.0,1
2047,4.78782102448e+37,1.0,1
2048,1176201816.0,1.0,0
2049,1374422781.0,1.0,1
2050,4.25404881822e+37,1.0,1
2051,459334517.0,1.0,0
2052,2011961801.0,1.0,1
2053,1331956510.0,1.0,0
2054,1734053767.0,1.4,2
2055,1731597048.0,5.7,2
2056,3236218030.0,1.0,0
2057,1281025845.0,1.0,0
2058,2424916211.0,1.0,0
2059,1085552193.0,1.0,0
2060,85760572.0,1.0,0
2061,2891709550.0,1.0,0
2062,2014685584.0,1.0,1
2063,1009914549.0,1.0,0
2064,1038319159.0,5.7,2
2065,462676616.0,5.7,2
2066,1839722996.0,1.0,0
2067,3399035171.0,4.3,2
2068,737925544.0,1.4,2
2069,3238657101.0,1.0,1
2070,454150085.0,1.0,1
2071,605604908.0,1.0,1
2072,1398058949.0,1.0,1
2073,826446487.0,1.0,1
2074,1892840119.0,1.0,0
2075,3113857831.0,1.0,1
2076,3735302818.0,1.0,0
2077,1782919255.0,1.0,0
2078,1035487314.0,1.0,1
2079,3291883793.0,1.0,1
2080,3700382740.0,1.0,0
2081,1550834206.0,1.0,1
2082,2931952969.0,1.0,1
2083,2104438102.0,1.0,0
2084,993709100.0,1.0,1
2085,1892058482.0,1.0,0
2086,3321175848.0,5.7,2
2087,710686884.0,1.0,1
2088,1892328100.0,1.0,0
2089,2851023882.0,8.6,2
2090,694423364.0,1.0,0
2091,1275818820.0,1.0,0
2092,2523643352.0,1.0,0
2093,2969319468.0,1.0,1
2094,3284847310.0,1.0,0
2095,3320649946.0,5.7,2
2096,4.25404881822e+37,1.0,1
2097,2101577122.0,1.0,0
2098,1892215279.0,1.0,0
2099,1298815426.0,1.0,1
2100,16896693.0,5.7,2
2101,1306965714.0,1.0,1
2102,1507039076.0,5.7,2
2103,792105498.0,1.0,0
2104,3074802294.0,1.0,1
2105,1915717662.0,1.0,0
2106,826928655.0,1.0,1
2107,1744253028.0,1.4,2
2108,3169678624.0,1.0,1
2109,2416707601.0,1.0,1
2110,39946944.0,1.0,0
2111,415613262.0,1.0,0
2112,1768493325.0,5.7,2
2113,1791956973.0,1.0,0
2114,3153532552.0,1.0,1
2115,1833777891.0,1.0,0
2116,1899263729.0,1.0,1
2117,3232235782.0,1.0,1
2118,3168885927.0,1.0,0
2119,1590811659.0,1.0,0
2120,1038416787.0,1.0,0
2121,3071963899.0,1.0,1
2122,3654172394.0,1.0,1
2123,1318661302.0,1.0,1
2124,1007680390.0,1.0,1
2125,698379506.0,1.0,1
2126,2393367506.0,1.0,1
2127,3030013074.0,1.0,1
2128,1790302837.0,1.0,1
2129,1018466605.0,1.0,0
2130,609787203.0,1.0,0
2131,36832617.0,5.7,2
2132,1014621356.0,1.0,0
2133,2005840735.0,1.0,1
2134,1534683929.0,1.0,2
2135,2050936715.0,1.0,1
2136,989842378.0,5.7,2
2137,3155849211.0,1.0,0
2138,1908508677.0,5.7,2
2139,1785217106.0,1.0,1
2140,2871834241.0,1.0,1
2141,919157568.0,1.0,1
2142,1832986597.0,1.0,0
2143,1740933618.0,10.0,2
2144,1566810971.0,1.0,0
2145,3419822645.0,1.0,0
2146,3655951501.0,1.0,1
2147,1179484600.0,1.0,1
2148,3513812778.0,1.0,1
2149,1349681394.0,1.0,1
2150,415337115.0,1.0,0
2151,1451762563.0,1.0,1
2152,2107997168.0,1.0,0
2153,2875498245.0,1.0,1
2154,1601809950.0,1.51325678497,1
2155,2057390539.0,5.7,2
2156,2900063952.0,1.0,0
2157,1867662199.0,1.0,0
2158,1947754089.0,1.0,1
2159,2059424350.0,1.0,1
2160,634533391.0,1.51325678497,1
2161,1915302112.0,1.0,0
2162,695392605.0,1.0,1
2163,1017625270.0,1.0,0
2164,3747246567.0,1.0,1
2165,3338646391.0,1.0,0
2166,1947963401.0,1.0,1
2167,1763420994.0,1.0,1
2168,1490089367.0,1.0,1
2169,657387875.0,5.7,2
2170,999560484.0,1.0,1
2171,1885503876.0,1.0,0
2172,1886375071.0,1.0,0
2173,3678760460.0,1.0,1
2174,737366582.0,5.7,2
2175,1811050615.0,1.0,1
2176,1918662368.0,1.0,1
2177,1146267236.0,1.0,1
2178,619154076.0,1.0,0
2179,1943759573.0,1.0,1
2180,2954885323.0,1.0,1
2181,1430099482.0,1.0,0
2182,3657110027.0,1.0,1
2183,1776417957.0,1.0,0
2184,984628595.0,1.0,1
2185,39242207.0,1.0,0
2186,1982142914.0,1.0,1
2187,1964936503.0,1.0,0
2188,1991635777.0,1.0,1
2189,984849683.0,1.0,1
2190,2927722355.0,1.51325678497,1
2191,1303451160.0,1.0,0
2192,1988897402.0,1.0,1
2193,3080404203.0,1.0,0
2194,3633820833.0,1.0,1
2195,86354298.0,1.0,0
2196,2130706433.0,1.0,1
2197,1878072230.0,1.0,0
2198,1850911237.0,1.0,0
2199,3199545375.0,1.0,1
2200,1781329866.0,1.0,1
2201,3582480366.0,1.0,1
2202,2002161283.0,1.0,0
2203,3582480333.0,1.0,1
2204,1968463362.0,1.0,0
2205,2936570031.0,1.0,0
2206,2904777174.0,1.0,1
2207,27361387.0,1.0,0
2208,2023040418.0,1.0,0
2209,1275586224.0,1.0,1
2210,1732423774.0,2.9,2
2211,987297610.0,1.0,1
2212,1424301364.0,1.0,0
2213,779376589.0,1.0,1
2214,1914296772.0,1.0,0
2215,454833787.0,1.0,1
2216,1944382882.0,1.0,1
2217,619404502.0,1.0,0
2218,402129988.0,1.0,0
2219,3573321321.0,1.0,0
2220,1781766682.0,1.51325678497,1
2221,84722174.0,1.0,1
2222,3300964110.0,1.0,1
2223,831806231.0,1.0,0
2224,3036113522.0,1.0,0
2225,1976023714.0,5.7,2
2226,1744677197.0,4.3,2
2227,1847043682.0,1.0,0
2228,2090134995.0,1.0,1
2229,2784975266.0,5.7,2
2230,1449373523.0,1.0,0
2231,3162475800.0,1.0,0
2232,3221184073.0,1.0,0
2233,763150735.0,5.7,2
2234,243837655.0,1.0,1
2235,2918176543.0,1.0,1
2236,1743233605.0,10.0,2
2237,835663988.0,5.7,2
2238,1143553082.0,1.0,1
2239,2040358244.0,1.0,1
2240,1964644052.0,1.0,0
2241,1985865204.0,1.0,0
2242,700269203.0,1.0,1
2243,3230439827.0,1.0,1
2244,460940341.0,1.0,0
2245,619142751.0,1.0,0
2246,2667547345.0,1.0,0
2247,3116932388.0,1.0,0
2248,2102293930.0,1.0,0
2249,1010006140.0,1.0,1
2250,1046910133.0,1.0,1
2251,1568371185.0,1.0,1
2252,1742304680.0,5.7,2
2253,1311420141.0,1.0,0
2254,1408957856.0,1.0,0
2255,3216840674.0,1.0,1
2256,1407463849.0,1.0,0
2257,2018938293.0,1.0,0
2258,1966921753.0,1.0,1
2259,1614454702.0,1.0,1
2260,1944120306.0,1.0,1
2261,3.38288524927e+38,1.0,1
2262,3.38288524927e+38,1.0,1
2263,2987700926.0,1.0,1
2264,248085704.0,1.0,1
2265,534202546.0,1.0,0
2266,999913544.0,1.0,1
2267,2062065234.0,1.0,1
2268,1935090705.0,1.0,0
2269,1022461402.0,1.0,1
2270,1961005154.0,1.0,1
2271,3063266428.0,1.51325678497,1
2272,4.25404881914e+37,1.0,1
2273,2070879038.0,1.0,1
2274,1942653553.0,1.0,1
2275,1878814578.0,1.0,0
2276,1943360850.0,1.0,1
2277,3.38288524927e+38,1.0,1
2278,2938954163.0,1.0,1
2279,4.25404882106e+37,1.0,1
2280,1743297063.0,1.0,0
2281,3698798393.0,1.0,1
2282,4.25404882106e+37,1.0,1
2283,4.25404881822e+37,1.0,1
2284,3668236548.0,1.0,0
2285,1028571248.0,1.0,1
2286,2085749817.0,1.0,1
2287,3247337617.0,1.0,1
2288,1811050625.0,1.0,1
2289,1268650792.0,1.0,0
2290,1968606678.0,1.0,0
2291,1841923473.0,1.0,1
2292,3624589357.0,1.0,1
2293,3699833064.0,1.0,1
2294,3416521162.0,5.7,2
2295,1915095329.0,1.0,0
2296,2076954074.0,1.0,1
2297,3754751707.0,1.0,0
2298,2083733287.0,1.0,1
2299,720584475.0,1.0,1
2300,619670616.0,5.7,2
2301,1770809521.0,1.0,0
2302,3255507981.0,1.0,1
2303,3002746183.0,1.0,1
2304,242729738.0,1.0,1
2305,3158704317.0,1.4,2
2306,1594427335.0,1.0,1
2307,387745170.0,1.0,0
2308,1879984781.0,1.0,0
2309,690838787.0,1.0,0
2310,28216405.0,1.0,0
2311,2637187202.0,1.0,1
2312,3757448910.0,1.0,0
2313,831562158.0,1.0,0
2314,456914676.0,1.0,0
2315,2076940092.0,1.0,1
2316,1844039693.0,1.0,1
2317,997412595.0,1.0,0
2318,2745984860.0,1.0,1
2319,3721368123.0,1.0,0
2320,1781766682.0,5.7,2
2321,1311420141.0,1.0,2
2322,1407463849.0,1.0,2
2323,1966921753.0,1.51325678497,1
2324,1935090705.0,1.0,2
2325,3063266428.0,1.0,1
2326,4.25404881914e+37,1.51325678497,1
2327,1878814578.0,1.0,2
2328,1915095329.0,1.0,2
2329,28216405.0,1.0,2
2330,831562158.0,1.0,2
2331,456914676.0,1.0,2
2332,3301918600.0,5.7,2
2333,1314090998.0,1.0,2
2334,826965153.0,1.0,1
2335,3072242060.0,1.0,1
2336,3069370846.0,1.0,1
2337,1840130675.0,1.0,2
2338,692248275.0,1.0,0
2339,1892304408.0,1.0,0
2340,2104437783.0,1.0,0
2341,3027440921.0,1.0,0
2342,3703299167.0,1.0,0
2343,597613390.0,1.0,1
2344,3116166160.0,1.0,2
2345,1990529021.0,1.0,2
2346,832536757.0,1.0,0
2347,2059526536.0,1.0,1
2348,3541997498.0,1.0,0
2349,1014616548.0,1.0,2
2350,2072417626.0,1.0,1
2351,3.38288524927e+38,1.0,1
2352,1.0,1.0,1
2353,1094164087.0,1.0,1
2354,2080826670.0,1.0,0
2355,1442173359.0,1.0,2
2356,1791734885.0,1.4,2
2357,1590432896.0,1.0,0
2358,1001830352.0,1.0,2
2359,824328846.0,1.0,1
2360,2072557784.0,1.0,1
2361,1372800706.0,1.0,1
2362,1603812985.0,5.7,2
2363,607971182.0,1.0,2
2364,3169354169.0,1.0,0
2365,3747785095.0,1.0,1
2366,1113265790.0,1.0,0
2367,3663184590.0,1.0,1
2368,3232235667.0,1.0,1
2369,3245238979.0,1.0,1
2370,1009976376.0,1.51325678497,1
2371,1742833386.0,1.4,2
2372,3394169446.0,5.7,2
2373,94877132.0,1.51325678497,1
2374,2956925587.0,5.7,2
2375,1388882006.0,1.0,0
2376,1733529985.0,5.7,2
2377,2083339290.0,1.0,2
2378,1495050007.0,1.0,0
2379,1906593800.0,1.4,2
2380,1564303899.0,1.0,1
2381,996462782.0,1.0,1
2382,1595413541.0,1.0,2
2383,3526548430.0,1.0,0
2384,1339152405.0,1.0,1
2385,3161529857.0,1.0,2
2386,533911263.0,10.0,2
2387,3717049490.0,1.0,1
2388,3039591055.0,1.0,2
2389,1474363945.0,1.0,1
2390,1042081510.0,1.0,0
2391,96320346.0,1.0,1
2392,86812679.0,5.7,2
2393,1990685678.0,1.0,2
2394,94687240.0,1.0,2
2395,237047815.0,1.0,1
2396,3662352090.0,1.0,1
2397,1873894714.0,1.0,1
2398,987675730.0,1.0,1
2399,2151950684.0,1.51325678497,1
2400,995953739.0,5.7,2
2401,1044700759.0,1.0,0
2402,1849093489.0,4.3,2
2403,2637252451.0,1.0,1
2404,2302366833.0,7.1,2
2405,1860297512.0,1.4,2
2406,624515314.0,5.7,2
2407,2883770079.0,5.7,2
2408,1600730863.0,1.0,0
2409,991138202.0,1.0,1
2410,1591237154.0,1.0,1
2411,1782956621.0,1.0,0
2412,1701283037.0,1.0,2
2413,1565906660.0,1.0,2
2414,1428577922.0,1.0,1
2415,3641799373.0,1.0,0
2416,1560065150.0,1.0,0
2417,2911328711.0,1.51325678497,1
2418,1989429761.0,1.0,0
2419,1855181830.0,1.0,0
2420,3248872738.0,1.0,1
2421,707916642.0,1.0,1
2422,1451523103.0,1.0,1
2423,979632422.0,1.4,2
2424,3562828516.0,10.0,2
2425,3585141064.0,1.0,1
2426,1403048437.0,1.0,1
2427,1540215205.0,5.7,2
2428,1743604758.0,10.0,2
2429,2637184750.0,1.0,1
2430,1134836876.0,1.0,1
2431,2005977735.0,1.0,1
2432,1928976773.0,1.0,1
2433,1604584196.0,1.51325678497,1
2434,1348875656.0,1.0,0
2435,2050262672.0,1.0,0
2436,622127062.0,1.0,2
2437,3577908090.0,1.0,0
2438,1029439931.0,1.0,1
2439,1402285595.0,5.7,2
2440,1268276328.0,1.0,1
2441,1783115872.0,1.0,1
2442,1506344636.0,1.0,1
2443,3156943621.0,1.4,2
2444,1534665985.0,1.0,1
2445,1448207291.0,1.0,1
2446,606083643.0,1.0,0
2447,1238745104.0,1.51325678497,1
2448,1527457243.0,1.0,0
2449,2098726276.0,5.7,2
2450,3186937864.0,1.0,0
2451,96320535.0,1.0,1
2452,1603009450.0,1.0,2
2453,1544454528.0,1.0,0
2454,1927740165.0,1.0,0
2455,628782880.0,1.0,2
2456,773009785.0,1.0,1
2457,2987347290.0,1.0,1
2458,3027183361.0,1.0,1
2459,1416475323.0,1.0,2
2460,2967639960.0,1.0,0
2461,711953866.0,5.7,2
2462,3559010526.0,1.0,1
2463,2959372858.0,5.7,2
2464,3055551037.0,1.0,0
2465,1993689304.0,1.0,1
2466,1600709074.0,1.0,2
2467,2970700828.0,1.0,1
2468,3280243636.0,1.0,0
2469,719814793.0,1.0,0
2470,1490662656.0,5.7,2
2471,1918758031.0,1.0,1
2472,1879665452.0,1.0,1
2473,1531838236.0,1.0,0
2474,1971860173.0,1.0,1
2475,1360292404.0,1.0,1
2476,1239375118.0,1.0,1
2477,3580814589.0,1.0,1
2478,3032451275.0,1.0,1
2479,3681851102.0,1.0,0
2480,988388015.0,1.0,1
2481,1343084597.0,1.0,1
2482,778009962.0,1.0,0
2483,39094876.0,1.0,2
2484,3730077518.0,1.0,1
2485,3660505361.0,1.0,0
2486,1572411629.0,5.7,2
2487,1533648215.0,1.0,1
2488,2015188191.0,1.0,0
2489,614307044.0,1.0,1
2490,3652126113.0,1.0,1
2491,3575152408.0,5.7,2
2492,1740934082.0,2.9,2
2493,1741977430.0,1.0,1
2494,3310991453.0,1.0,1
2495,1389389129.0,5.7,2
2496,1418961662.0,1.0,1
2497,92281685.0,1.51325678497,1
2498,3645369534.0,1.0,1
2499,1427955630.0,1.0,0
2500,453272554.0,5.7,2
2501,1985683383.0,1.0,1
2502,2990651821.0,1.0,2
2503,3585225845.0,1.0,0
2504,2085551550.0,1.0,0
2505,2102808860.0,1.0,1
2506,831794055.0,1.0,0
2507,2989413861.0,1.0,2
2508,1414254082.0,1.0,2
2509,2078133537.0,1.0,1
2510,1944288584.0,1.0,1
2511,1467504939.0,1.0,1
2512,658719529.0,1.0,1
2513,2449412409.0,1.0,0
2514,2057621093.0,5.7,2
2515,704921880.0,1.0,1
2516,3567033270.0,1.0,1
2517,774320886.0,1.0,1
2518,1773339370.0,1.0,0
2519,774316808.0,1.0,1
2520,2081561726.0,1.0,0
2521,1925655725.0,1.0,0
2522,827362137.0,1.0,1
2523,1271773632.0,1.0,1
2524,1297270756.0,1.0,0
2525,1442325778.0,1.51325678497,1
2526,3396071758.0,1.0,0
2527,1588883005.0,5.7,2
2528,999639504.0,1.0,1
2529,3264594971.0,1.0,1
2530,39164407.0,1.0,0
2531,2103378733.0,1.0,0
2532,1928742681.0,1.0,1
2533,1904989885.0,1.0,0
2534,20900946.0,1.0,0
2535,3028247504.0,1.0,1
2536,2304852906.0,1.51325678497,1
2537,3701800062.0,1.0,1
2538,1901825091.0,1.0,0
2539,2871833445.0,1.0,1
2540,2073668371.0,1.0,1
2541,2994216181.0,5.7,2
2542,1595448858.0,1.0,2
2543,3020926981.0,1.0,1
2544,782127061.0,1.0,2
2545,2084795758.0,1.51325678497,1
2546,1968496591.0,1.0,0
2547,3563084355.0,1.4,2
2548,2091011344.0,1.0,0
2549,2344467739.0,1.0,1
2550,974549344.0,1.0,0
2551,2875855374.0,1.0,1
2552,96319361.0,1.51325678497,1
2553,3755746837.0,1.0,1
2554,1841850854.0,1.0,0
2555,454796620.0,1.0,1
2556,237305023.0,1.0,1
2557,1333856911.0,1.0,1
2558,3066872626.0,1.0,1
2559,467635964.0,1.0,1
2560,992480542.0,1.0,0
2561,1786523601.0,1.0,1
2562,2002129823.0,1.0,1
2563,3149731645.0,1.0,0
2564,3158692863.0,5.7,2
2565,3735590358.0,1.0,0
2566,1328907329.0,1.0,1
2567,2991081438.0,1.0,0
2568,1732398940.0,5.7,2
2569,1972143191.0,1.51325678497,1
2570,1269112662.0,1.0,0
2571,3747741877.0,1.0,1
2572,1533811846.0,1.0,0
2573,2005536329.0,1.0,0
2574,1857967123.0,1.0,1
2575,3732237781.0,1.0,1
2576,3648405622.0,1.0,0
2577,1225523589.0,1.0,1
2578,238120662.0,1.0,1
2579,1844633862.0,1.0,0
2580,1542282817.0,1.0,1
2581,2994213355.0,5.7,2
2582,1339331705.0,1.0,1
2583,1987955968.0,1.0,1
2584,531492864.0,1.4,2
2585,1349290499.0,1.0,2
2586,1393142609.0,1.0,0
2587,1602629759.0,1.0,2
2588,1892253503.0,1.0,0
2589,1309180026.0,1.0,2
2590,1427812034.0,2.9,2
2591,1602994787.0,1.0,2
2592,831282852.0,1.0,1
2593,460654698.0,1.0,0
2594,3702774837.0,1.0,1
2595,608143532.0,1.0,0
2596,619088814.0,1.0,2
2597,1332439256.0,1.0,1
2598,2915129934.0,1.0,1
2599,1823977885.0,1.0,0
2600,2916404484.0,1.0,1
2601,1974220533.0,1.0,1
2602,3574936678.0,1.0,0
2603,3110868134.0,1.51325678497,1
2604,1844307914.0,1.0,0
2605,1570607155.0,5.7,2
2606,3031915258.0,5.7,2
2607,773702931.0,1.0,1
2608,1781525745.0,1.0,1
2609,1791731614.0,5.7,2
2610,1240780808.0,1.0,1
2611,3170795103.0,5.7,2
2612,3117077826.0,1.0,2
2613,1896320143.0,1.0,0
2614,622171981.0,1.0,0
2615,1520059612.0,5.7,2
2616,93158940.0,5.7,2
2617,88939673.0,1.0,0
2618,2015983470.0,1.0,1
2619,1904989885.0,1.51325678497,1
2620,2304852906.0,1.0,1
2621,2084795758.0,1.0,1
2622,1145088330.0,1.0,2
2623,42217297.0,1.0,2
2624,465266656.0,1.0,0
2625,1794958649.0,1.0,1
2626,1943570903.0,1.0,1
2627,1487192296.0,1.0,1
2628,1836975405.0,1.0,0
2629,1963853049.0,1.0,1
2630,2874336046.0,1.0,1
2631,1306419447.0,5.7,2
2632,1432906300.0,1.0,1
2633,1840014409.0,1.0,1
2634,1895974182.0,1.0,0
2635,3321442051.0,1.0,0
2636,1604443920.0,1.0,1
2637,1881735897.0,1.0,1
2638,2002133699.0,1.0,1
2639,2071225731.0,1.0,1
2640,1036129200.0,1.0,1
2641,1782247350.0,1.0,0
2642,1904993370.0,1.0,1
2643,2152244303.0,1.0,0
2644,2990109784.0,1.0,1
2645,3722288769.0,1.0,1
2646,1312745477.0,1.0,1
2647,88905482.0,1.0,2
2648,1929188787.0,1.0,1
2649,1866161616.0,1.0,1
2650,1699989532.0,1.0,1
2651,1021082431.0,1.0,0
2652,1879669600.0,1.0,1
2653,3269730378.0,5.7,2
2654,2079535978.0,1.0,1
2655,1298454722.0,1.0,0
2656,3513505949.0,5.7,2
2657,1021082154.0,1.0,0
2658,20323970.0,5.7,2
2659,2027075006.0,1.0,1
2660,1678562717.0,1.0,1
2661,3084296847.0,1.0,1
2662,1306421443.0,5.7,2
2663,1451642206.0,1.0,1
2664,775062552.0,1.0,1
2665,2008369238.0,1.0,0
2666,1700965233.0,1.0,1
2667,2768241261.0,1.0,1
2668,1951119239.0,5.7,2
2669,3130725293.0,1.0,0
2670,2004215037.0,1.0,0
2671,2062893803.0,1.0,1
2672,1734349338.0,5.7,2
2673,1333926113.0,1.0,0
2674,804752622.0,1.0,1
2675,3701925666.0,1.0,0
2676,610996700.0,1.0,1
2677,1979196809.0,5.7,2
2678,1343708657.0,1.0,1
2679,1935716045.0,1.0,1
2680,3754371871.0,1.0,0
2681,624538052.0,5.7,2
2682,2043522159.0,1.0,0
2683,3155325263.0,1.4,2
2684,1367929174.0,1.0,1
2685,86664055.0,1.0,0
2686,1028543145.0,1.0,1
2687,2045152407.0,1.0,1
2688,3586578599.0,1.0,2
2689,2342978597.0,1.0,1
2690,37528481.0,1.0,0
2691,2073133326.0,1.0,0
2692,3063260455.0,1.0,1
2693,1879772530.0,1.0,1
2694,3662943894.0,1.0,1
2695,92971196.0,1.0,2
2696,459353994.0,5.7,2
2697,2058510139.0,5.7,2
2698,3373686402.0,1.0,1
2699,790590051.0,1.0,0
2700,2949023360.0,1.0,1
2701,3075952154.0,1.0,2
2702,3737100927.0,1.0,1
2703,2923336508.0,1.0,1
2704,3232235786.0,1.0,1
2705,3.38288524927e+38,1.0,1
2706,3126296660.0,1.0,0
2707,989033277.0,1.0,1
2708,1885514419.0,1.0,0
2709,1965345669.0,1.0,1
2710,2991380911.0,1.0,2
2711,3162171942.0,1.0,0
2712,1370147846.0,1.0,1
2713,1861694706.0,1.0,0
2714,1996540296.0,1.0,0
2715,1460135434.0,1.0,1
2716,1728986229.0,1.0,2
2717,1578739529.0,1.0,1
2718,2104736633.0,1.0,0
2719,3084301480.0,1.0,1
2720,973772897.0,1.0,2
2721,607972758.0,1.0,2
2722,1918940242.0,1.0,1
2723,1848941818.0,1.0,0
2724,3188932817.0,1.0,1
2725,1961009218.0,1.0,1
2726,737498642.0,5.7,2
2727,2008990390.0,1.0,1
2728,1294183890.0,5.7,2
2729,3641178656.0,1.0,1
2730,1588931455.0,1.0,0
2731,1329381321.0,1.0,1
2732,1565323704.0,1.0,2
2733,780809768.0,1.0,2
2734,39682895.0,1.0,0
2735,710719338.0,1.0,1
2736,1942726249.0,1.0,1
2737,531350172.0,5.7,2
2738,3024267591.0,1.0,1
2739,1843746025.0,1.0,2
2740,1595960923.0,1.0,2
2741,2955799449.0,5.7,2
2742,2918460427.0,1.0,1
2743,1176173995.0,1.0,0
2744,1539635316.0,1.0,1
2745,1760878922.0,1.4,2
2746,2991384558.0,1.0,0
2747,988218013.0,1.51325678497,1
2748,42240450.0,1.0,0
2749,3071463231.0,1.0,1
2750,3064629320.0,1.0,1
2751,2636486477.0,1.0,0
2752,2956924531.0,5.7,2
2753,980137161.0,1.0,0
2754,3156943895.0,1.0,0
2755,1730547699.0,4.3,2
2756,4.25404881822e+37,1.0,1
2757,1578482240.0,1.0,0
2758,3062144066.0,1.0,0
2759,1553308677.0,1.0,1
2760,3165279176.0,1.51325678497,1
2761,3002908830.0,1.0,1
2762,531493422.0,1.4,2
2763,90075340.0,1.0,0
2764,2000650837.0,1.4,2
2765,3580416578.0,1.0,1
2766,2000650836.0,1.4,2
2767,3054881376.0,1.0,1
2768,4.25404882106e+37,1.0,1
2769,4.25404882106e+37,1.0,1
2770,3581008900.0,1.0,0
2771,3560149501.0,1.0,1
2772,835511369.0,5.7,2
2773,2031456022.0,1.0,1
2774,707912501.0,1.0,0
2775,3321252824.0,1.0,0
2776,2990746737.0,1.0,0
2777,3736459690.0,1.0,1
2778,22125952.0,1.0,2
2779,3624439948.0,1.51325678497,1
2780,1940111136.0,1.0,1
2781,3641691116.0,1.0,1
2782,2914145178.0,1.0,0
2783,3278926862.0,1.0,0
2784,1369537723.0,1.0,0
2785,2345534176.0,1.0,1
2786,633468981.0,1.0,0
2787,1460469705.0,1.0,1
2788,1783993628.0,1.0,1
2789,1452472976.0,1.0,1
2790,3649055145.0,1.0,0
2791,2998664969.0,1.0,2
2792,3155360145.0,1.0,2
2793,1742317157.0,5.7,2
2794,1941736748.0,1.0,0
2795,1896802136.0,1.0,1
2796,3103991622.0,1.0,0
2797,1590067978.0,1.0,1
2798,1376432839.0,1.51325678497,1
2799,3072288134.0,1.0,1
2800,2057229586.0,1.0,0
2801,3661123214.0,1.0,0
2802,1441938287.0,1.0,0
2803,1892224358.0,1.0,0
2804,1903879174.0,1.0,1
2805,2152450708.0,1.0,2
2806,2049580582.0,1.0,1
2807,1597348336.0,1.0,0
2808,604350541.0,1.0,1
2809,248449981.0,5.7,2
2810,3201823701.0,1.0,0
2811,1566526912.0,1.0,1
2812,18152973.0,5.7,2
2813,1904960903.0,1.0,1
2814,3009981460.0,1.0,0
2815,1588856405.0,1.0,2
2816,3471276390.0,1.0,0
2817,3423466269.0,1.0,1
2818,1307862773.0,1.0,0
2819,2985147384.0,5.7,2
2820,1121882254.0,1.0,2
2821,1875169916.0,1.0,0
2822,1347471536.0,1.0,2
2823,777235626.0,1.0,0
2824,1942750125.0,1.0,1
2825,2128255739.0,1.0,0
2826,1596294532.0,1.0,2
2827,3584858118.0,1.0,0
2828,1534766885.0,1.0,1
2829,1468276367.0,1.0,1
2830,3076530913.0,1.0,1
2831,2071381826.0,1.0,1
2832,1334604542.0,1.0,1
2833,2037207655.0,1.0,2
2834,3062786020.0,1.0,1
2835,823079829.0,5.7,2
2836,3164965433.0,1.0,1
2837,3553182657.0,1.0,0
2838,92828475.0,1.0,2
2839,1834421143.0,1.0,0
2840,1546086063.0,5.7,2
2841,1444922951.0,1.0,1
2842,1814630908.0,1.0,1
2843,2986846835.0,1.0,1
2844,245129741.0,1.0,0
2845,3420298585.0,1.0,0
2846,3581727796.0,1.0,2
2847,1904659209.0,1.0,1
2848,3753186601.0,1.0,0
2849,1360109313.0,1.0,0
2850,3170844310.0,1.0,2
2851,1332420899.0,1.0,0
2852,2891605433.0,1.0,0
2853,3134383144.0,1.0,0
2854,1535936283.0,1.0,1
2855,1542877977.0,5.7,2
2856,1539503685.0,1.0,0
2857,1845249752.0,1.0,1
2858,1706503405.0,1.0,2
2859,1358615370.0,1.0,1
2860,2958562286.0,1.0,0
2861,1551041331.0,1.0,1
2862,3154410400.0,1.0,2
2863,1864508045.0,1.0,1
2864,3729528473.0,1.0,2
2865,2537313180.0,1.0,1
2866,3523358128.0,1.0,0
2867,827339454.0,1.0,1
2868,3578409362.0,1.0,0
2869,1632564498.0,1.0,0
2870,1109393060.0,1.0,1
2871,992946594.0,1.0,1
2872,2516511427.0,1.0,1
2873,1855705720.0,1.0,0
2874,2059222477.0,1.0,1
2875,3062233875.0,1.0,1
2876,1731965893.0,1.4,2
2877,990118660.0,1.0,1
2878,1213800147.0,1.0,1
2879,85362263.0,1.0,2
2880,987548222.0,1.0,1
2881,1840780814.0,1.0,2
2882,867093313.0,1.0,0
2883,3360947687.0,1.0,0
2884,1055333734.0,1.0,1
2885,1565398910.0,1.0,2
2886,1870118950.0,5.7,2
2887,3030124731.0,1.0,1
2888,1432173256.0,5.7,2
2889,762748217.0,1.0,2
2890,3256822857.0,1.0,1
2891,3104946419.0,1.0,1
2892,3075638062.0,1.0,2
2893,2917834691.0,1.0,0
2894,2636508146.0,1.0,1
2895,3076070300.0,1.0,2
2896,2883150424.0,1.0,1
2897,3105858961.0,1.0,1
2898,2064433252.0,1.0,2
2899,825332984.0,1.0,0
2900,1453798904.0,1.0,1
2901,2090125286.0,1.0,0
2902,1405853079.0,1.0,1
2903,2319128850.0,1.0,1
2904,1976294263.0,5.7,2
2905,2944652640.0,1.0,2
2906,619105957.0,1.0,2
2907,3073724060.0,1.0,0
2908,2994874709.0,1.0,0
2909,1893550477.0,1.0,1
2910,2990874822.0,1.0,0
2911,2993914227.0,1.0,1
2912,3702371147.0,1.0,1
2913,1333933736.0,1.0,0
2914,1535925185.0,1.4,2
2915,2874854388.0,1.0,1
2916,2990960404.0,1.0,2
2917,521722243.0,1.0,1
2918,1960055626.0,1.0,0
2919,1306729817.0,1.0,1
2920,1039098918.0,1.0,1
2921,1878136543.0,5.7,2
2922,3062545505.0,1.0,1
2923,2710464315.0,1.0,1
2924,249538522.0,1.0,0
2925,1888752314.0,1.51325678497,1
2926,3057666927.0,5.7,2
2927,2177932256.0,1.0,2
2928,3061854388.0,1.0,1
2929,1699781479.0,1.0,1
2930,1170925938.0,1.0,0
2931,3086844503.0,1.0,1
2932,36877469.0,5.7,2
2933,2533382229.0,1.0,2
2934,1535902909.0,1.0,2
2935,2835369533.0,1.0,1
2936,1043362738.0,1.0,1
2937,2192888290.0,1.0,0
2938,529828744.0,1.0,0
2939,3582989468.0,1.0,1
2940,1536337069.0,1.0,0
2941,32053607.0,1.0,1
2942,2937316630.0,1.0,0
2943,1730859592.0,1.4,2
2944,1580394013.0,1.0,1
2945,1887840109.0,5.7,2
2946,3149855689.0,5.7,2
2947,2956155555.0,1.0,2
2948,248267018.0,1.0,0
2949,225627485.0,1.0,1
2950,1348133007.0,1.0,1
2951,2005309292.0,1.0,0
2952,736140418.0,1.4,2
2953,1897599750.0,1.0,1
2954,1904014988.0,1.0,1
2955,1532818880.0,1.0,1
2956,1533763598.0,1.0,0
2957,1134849885.0,1.0,1
2958,1972788754.0,1.0,1
2959,1389304722.0,1.0,0
2960,1298275782.0,1.0,1
2961,1899364163.0,1.0,0
2962,2002676967.0,1.0,1
2963,1226797440.0,1.0,1
2964,2989529849.0,1.0,0
2965,3397459203.0,1.0,1
2966,1020323364.0,1.0,0
2967,1902006359.0,1.0,1
2968,2882867996.0,1.0,1
2969,1321036685.0,1.0,1
2970,2883801498.0,1.0,2
2971,36818121.0,1.0,0
2972,1731810506.0,5.7,2
2973,3628582695.0,1.0,1
2974,660182524.0,1.0,1
2975,2999138782.0,1.0,0
2976,3200316679.0,1.0,2
2977,3021273873.0,1.0,1
2978,3747002101.0,1.0,1
2979,1939899202.0,1.0,1
2980,2090382984.0,1.0,0
2981,2015568141.0,1.0,1
2982,3063241256.0,1.0,1
2983,3001845489.0,1.51325678497,1
2984,1541486850.0,1.0,2
2985,755392130.0,4.3,2
2986,1886413522.0,1.0,2
2987,1562960707.0,1.0,0
2988,778217623.0,1.0,2
2989,28725864.0,1.0,0
2990,911071767.0,1.0,1
2991,1784478725.0,1.0,1
2992,3702272965.0,1.0,0
2993,1901533639.0,1.0,0
2994,1896777810.0,1.0,1
2995,1542750980.0,1.0,2
2996,3648594208.0,1.0,0
2997,1460772624.0,1.0,1
2998,2966694533.0,1.0,0
2999,3582988226.0,1.0,1
3000,1599853205.0,5.7,2
3001,1599794315.0,1.0,1
3002,3647325782.0,1.0,0
3003,2586695930.0,1.0,1
3004,1431683499.0,1.0,0
3005,988183350.0,1.0,0
3006,1947570272.0,1.0,0
3007,1581583807.0,1.0,0
3008,550765340.0,1.0,1
3009,1968727466.0,1.0,2
3010,1599650584.0,1.0,0
3011,1856567335.0,1.0,2
3012,1965853745.0,1.0,1
3013,2064668757.0,5.7,2
3014,2994222785.0,1.0,0
3015,1231913641.0,1.0,1
3016,3088506981.0,1.4,2
3017,2535189161.0,1.0,2
3018,1563145943.0,5.7,2
3019,1865014993.0,1.0,1
3020,1195693075.0,1.0,1
3021,1794829191.0,1.0,1
3022,1934353883.0,5.7,2
3023,3679389576.0,1.0,1
3024,1411111948.0,1.0,0
3025,3720640275.0,1.0,1
3026,1892436587.0,1.0,0
3027,1593576815.0,1.0,2
3028,1705417284.0,1.0,1
3029,1040016140.0,1.0,1
3030,3092834869.0,1.0,1
3031,1481717101.0,1.51325678497,1
3032,2959985475.0,1.0,1
3033,3171002116.0,2.9,2
3034,2992195102.0,1.0,0
3035,1212494097.0,1.0,1
3036,1509600969.0,1.0,1
3037,665491571.0,1.0,1
3038,790614838.0,1.0,0
3039,2943419869.0,1.0,0
3040,1606313224.0,1.0,2
3041,1217259151.0,1.0,1
3042,3157224963.0,1.0,0
3043,1900978361.0,1.0,1
3044,1892204704.0,1.0,0
3045,3039394428.0,1.0,1
3046,1295222342.0,1.0,2
3047,2994852032.0,1.0,0
3048,1729236829.0,1.0,2
3049,2343001430.0,1.0,1
3050,1234937881.0,1.0,1
3051,3160238123.0,1.0,1
3052,32237765.0,1.0,1
3053,2638074984.0,1.0,1
3054,1384562105.0,1.0,1
3055,1606199113.0,1.0,0
3056,1900617688.0,1.0,0
3057,1405836891.0,1.0,1
3058,3720801373.0,1.0,1
3059,3415301904.0,1.0,0
3060,1906237117.0,1.0,0
3061,1186113393.0,1.0,1
3062,1558022606.0,1.0,1
3063,1890373586.0,1.0,1
3064,3297543190.0,1.0,1
3065,3582988227.0,1.0,1
3066,2918183045.0,1.0,1
3067,2078764101.0,5.7,2
3068,1026790052.0,1.0,0
3069,3546380731.0,1.0,1
3070,4.25404881822e+37,1.0,1
3071,995929886.0,5.7,2
3072,3075610335.0,1.0,0
3073,2088371591.0,1.0,2
3074,1220884330.0,1.0,0
3075,698524210.0,1.0,1
3076,1963543368.0,1.0,1
3077,2999178688.0,1.0,1
3078,3747346581.0,1.0,1
3079,1900582943.0,1.0,1
3080,1323759287.0,1.0,1
3081,2197870677.0,1.0,0
3082,3072526741.0,1.0,0
3083,1968752425.0,1.0,1
3084,2990681633.0,1.0,0
3085,1879435980.0,5.7,2
3086,28363194.0,1.0,0
3087,3572587372.0,1.0,1
3088,1537236941.0,1.0,1
3089,1845250325.0,1.0,0
3090,3311008039.0,1.0,1
3091,1604360277.0,5.7,2
3092,774949878.0,5.7,2
3093,2916403734.0,1.0,1
3094,3722311731.0,1.0,1
3095,1834688762.0,5.7,2
3096,1508814965.0,1.0,1
3097,3106625456.0,1.0,1
3098,1533644120.0,5.7,2
3099,1395546588.0,1.0,1
3100,2997714362.0,1.0,1
3101,693541214.0,1.0,1
3102,2990874911.0,1.0,0
3103,1435294175.0,1.0,0
3104,2015687899.0,1.0,0
3105,1935613228.0,1.0,0
3106,1885372495.0,1.0,2
3107,1597502435.0,1.0,0
3108,628145383.0,1.0,0
3109,2094380484.0,1.0,2
3110,2015370590.0,1.0,2
3111,1326001095.0,1.0,1
3112,2949273502.0,1.0,1
3113,3708008012.0,1.0,1
3114,1500209497.0,1.51325678497,1
3115,2104807432.0,1.0,1
3116,3107666574.0,1.0,2
3117,1571850799.0,1.0,1
3118,3524440938.0,5.7,2
3119,3588644482.0,5.7,2
3120,1283111552.0,1.0,1
3121,1530935372.0,1.0,1
3122,1930740484.0,1.0,1
3123,3584950474.0,1.0,1
3124,3010345423.0,1.0,0
3125,2960337526.0,1.0,2
3126,975342031.0,1.0,1
3127,1503165434.0,1.0,0
3128,2988610654.0,1.0,0
3129,2246866191.0,1.0,1
3130,1841923834.0,1.51325678497,1
3131,3679963851.0,1.0,1
3132,1878235414.0,1.0,0
3133,1567442905.0,1.0,1
3134,1030781726.0,1.0,1
3135,691158061.0,1.0,1
3136,1927923509.0,1.0,0
3137,2904599600.0,1.0,1
3138,1609990174.0,1.0,0
3139,1938438206.0,1.0,1
3140,1022770167.0,1.0,1
3141,1535869448.0,1.0,0
3142,1577900598.0,1.0,1
3143,3315354931.0,5.7,2
3144,1491526244.0,1.0,1
3145,3000758550.0,1.0,0
3146,2937986587.0,1.0,1
3147,774309082.0,1.0,0
3148,3158221911.0,1.0,1
3149,2203935309.0,1.0,1
3150,831922487.0,1.0,0
3151,3163507236.0,1.0,1
3152,633386081.0,1.0,0
3153,3547704527.0,1.51325678497,1
3154,2344710220.0,5.7,2
3155,3170119289.0,1.0,1
3156,782678828.0,1.0,2
3157,3696326854.0,1.0,0
3158,2086634245.0,1.0,1
3159,3164934320.0,1.0,2
3160,1841514064.0,1.0,1
3161,2069908872.0,1.0,0
3162,1399228316.0,1.0,1
3163,3733391475.0,1.0,1
3164,3683712853.0,1.0,1
3165,3515719374.0,1.0,0
3166,1608338216.0,1.0,0
3167,630424214.0,1.51325678497,1
3168,1778101570.0,1.0,1
3169,1408488804.0,1.0,1
3170,1656757944.0,1.0,1
3171,248874405.0,1.0,0
3172,1943479652.0,1.0,0
3173,531493143.0,1.51325678497,1
3174,825266721.0,1.0,0
3175,1375000676.0,1.0,0
3176,1517319054.0,1.0,1
3177,974418392.0,1.0,1
3178,3154520472.0,1.0,0
3179,2105585400.0,1.0,1
3180,1413113129.0,1.0,1
3181,1419569763.0,1.0,1
3182,3742437809.0,1.0,1
3183,1310656141.0,1.0,1
3184,463152658.0,1.0,0
3185,1138086411.0,1.0,2
3186,1868500615.0,1.0,0
3187,1540785052.0,5.7,2
3188,3697564094.0,1.0,1
3189,531950224.0,1.0,0
3190,1054693829.0,1.0,2
3191,1455027675.0,1.0,1
3192,2311135287.0,1.0,1
3193,3164824160.0,1.0,0
3194,3240709446.0,4.3,2
3195,916767023.0,1.0,1
3196,2699971637.0,1.4,2
3197,36908031.0,1.0,0
3198,631122627.0,1.0,0
3199,3162013846.0,1.0,1
3200,2039460391.0,1.0,1
3201,2087883787.0,1.0,1
3202,993864754.0,1.0,0
3203,2001921714.0,1.0,1
3204,737247787.0,5.7,2
3205,1460279114.0,1.0,1
3206,1501994626.0,1.51325678497,1
3207,1112164883.0,1.0,0
3208,1600749429.0,1.0,2
3209,2989251796.0,5.7,2
3210,2014292589.0,1.0,0
3211,3534919930.0,1.0,1
3212,3285439527.0,1.0,1
3213,1348029766.0,1.0,0
3214,1731783700.0,1.4,2
3215,1744160418.0,1.4,2
3216,1009436824.0,1.0,0
3217,2966851525.0,1.0,0
3218,3155360483.0,1.0,2
3219,237758387.0,1.0,0
3220,1310348777.0,1.0,1
3221,1705861781.0,1.0,1
3222,2006485037.0,5.7,2
3223,3149731706.0,4.3,2
3224,719993267.0,1.0,0
3225,2004283302.0,1.0,0
3226,1298007336.0,1.0,1
3227,3314811835.0,1.0,2
3228,100342903.0,5.7,2
3229,1773869816.0,1.0,0
3230,1589999708.0,1.4,2
3231,1490082410.0,1.0,1
3232,832018923.0,1.0,2
3233,1296312694.0,1.0,1
3234,3742410647.0,1.0,1
3235,1413129388.0,1.0,1
3236,4.25404882106e+37,1.0,1
3237,4.25404881822e+37,1.0,1
3238,776568632.0,1.0,0
3239,973127417.0,1.0,0
3240,3729661489.0,1.0,0
3241,2076852387.0,1.0,1
3242,1041163657.0,1.0,1
3243,3067938988.0,1.0,1
3244,3212763966.0,1.0,0
3245,2117914061.0,1.0,1
3246,2994214494.0,1.0,0
3247,661681626.0,1.0,1
3248,1015840717.0,1.0,0
3249,710298075.0,1.0,1
3250,3579283295.0,10.0,2
3251,635382143.0,1.51325678497,1
3252,3065263472.0,1.0,1
3253,3703285020.0,1.0,0
3254,621150284.0,1.4,2
3255,3060638100.0,1.0,1
3256,1088940370.0,1.0,2
3257,691171310.0,1.0,1
3258,1597702232.0,1.0,2
3259,1236565086.0,1.0,1
3260,1791592586.0,1.4,2
3261,1889538292.0,1.0,1
3262,405404104.0,1.0,2
3263,2260999766.0,1.0,2
3264,1911980026.0,1.0,1
3265,3075639412.0,1.0,2
3266,1408253207.0,1.0,0
3267,466617368.0,1.0,1
3268,1582221884.0,1.0,2
3269,2037870088.0,1.0,0
3270,774213287.0,1.0,0
3271,1435239252.0,5.7,2
3272,3311124273.0,1.0,0
3273,1181843032.0,1.0,1
3274,3071301491.0,1.0,1
3275,20011812.0,1.0,1
3276,1997670250.0,1.0,2
3277,1990832415.0,1.0,2
3278,1349197682.0,1.0,1
3279,1385659199.0,2.9,2
3280,2988620734.0,1.51325678497,1
3281,1845242973.0,1.0,0
3282,2098821660.0,5.7,2
3283,2077594630.0,1.0,1
3284,1409442267.0,1.0,0
3285,3453423336.0,1.0,1
3286,2995611013.0,5.7,2
3287,455957265.0,1.0,1
3288,2071004032.0,1.0,0
3289,3.38288524927e+38,1.0,1
3290,3104946400.0,1.0,1
3291,1974844595.0,1.0,1
3292,1357442825.0,1.0,1
3293,3062302524.0,1.0,1
3294,2818610424.0,1.0,1
3295,1565957762.0,1.0,0
3296,775359150.0,1.0,1
3297,3754417414.0,1.0,1
3298,1968912465.0,1.0,2
3299,3027404757.0,1.51325678497,1
3300,2031339518.0,1.0,1
3301,4.25404882106e+37,1.0,1
3302,3001682517.0,1.51325678497,1
3303,623881845.0,5.7,2
3304,2103182804.0,1.0,1
3305,22272385.0,1.0,1
3306,4.25404882106e+37,1.0,1
3307,1426940684.0,1.0,1
3308,411426342.0,1.0,1
3309,1974918847.0,1.0,1
3310,1023345107.0,1.0,0
3311,2946322150.0,5.7,2
3312,4.25430845684e+37,1.51325678497,1
3313,1783680089.0,1.0,1
3314,1362195989.0,1.0,1
3315,3723140586.0,1.0,1
3316,1844324888.0,1.0,1
3317,1741807345.0,1.4,2
3318,1578609864.0,1.4,2
3319,662755104.0,1.0,1
3320,1700192832.0,1.51325678497,1
3321,1832950712.0,1.0,0
3322,1921490697.0,1.0,1
3323,1883375173.0,1.0,0
3324,1928051165.0,1.0,2
3325,1863209293.0,1.0,1
3326,1600824549.0,1.0,2
3327,1311007055.0,1.0,1
3328,824292756.0,1.0,1
3329,1965213610.0,1.0,0
3330,3083363734.0,1.0,0
3331,2992173776.0,5.7,2
3332,3723256318.0,1.0,0
3333,2061815819.0,1.0,1
3334,459361555.0,5.7,2
3335,3071935031.0,1.0,1
3336,1974868023.0,1.0,1
3337,3696427993.0,1.0,1
3338,1742263533.0,1.0,2
3339,2076793460.0,1.0,0
3340,1022768621.0,1.0,1
3341,1881657279.0,1.0,1
3342,2076251519.0,1.0,1
3343,1380271385.0,1.0,1
3344,2883563411.0,1.0,1
3345,3553195442.0,1.0,0
3346,1879741668.0,1.0,1
3347,2346849742.0,1.0,1
3348,1605570236.0,1.0,1
3349,1892617899.0,1.0,0
3350,1528850110.0,1.0,1
3351,3683041431.0,1.0,1
3352,2871319679.0,1.0,2
3353,453937836.0,1.0,1
3354,531493657.0,1.4,2
3355,3564135493.0,1.51325678497,1
3356,2076886554.0,1.0,1
3357,2085428820.0,1.0,0
3358,529005762.0,1.0,0
3359,2304854440.0,1.0,1
3360,1972096443.0,1.0,1
3361,4.78782102787e+37,1.0,1
3362,1876820831.0,1.0,1
3363,3732060935.0,1.0,1
3364,2945209275.0,1.0,0
3365,3746494347.0,1.0,1
3366,988232290.0,1.0,0
3367,1969122686.0,1.0,0
3368,3192852705.0,1.0,2
3369,3083482078.0,1.0,1
3370,530717834.0,1.0,2
3371,3320701708.0,5.7,2
3372,3069585599.0,1.0,1
3373,2637301509.0,1.0,1
3374,3231853274.0,1.0,0
3375,1904997806.0,1.0,0
3376,1420069621.0,1.0,0
3377,2959440060.0,1.0,1
3378,1358575278.0,1.0,0
3379,1022768621.0,1.51325678497,1
3380,2883698942.0,5.7,2
3381,2109036365.0,1.0,1
3382,1881550118.0,1.0,1
3383,584648194.0,1.0,1
3384,1386230520.0,1.0,1
3385,1565080889.0,1.0,1
3386,1909307686.0,1.0,0
3387,3283622531.0,1.0,1
3388,1879419100.0,1.0,1
3389,3086703828.0,1.0,1
3390,1896907152.0,1.0,1
3391,20542721.0,1.0,0
3392,1605266887.0,1.0,1
3393,2078891657.0,1.0,0
3394,3079053504.0,1.0,1
3395,2110874587.0,5.7,2
3396,586821307.0,1.0,1
3397,918718441.0,1.0,1
3398,2548340281.0,1.0,1
3399,1903529747.0,1.0,1
3400,88939547.0,5.7,2
3401,1594548818.0,1.0,2
3402,243055815.0,1.0,1
3403,1921655451.0,1.0,0
3404,1892435258.0,1.0,0
3405,3559242622.0,1.0,0
3406,1439434235.0,1.0,2
3407,1502871884.0,1.0,2
3408,633136201.0,1.0,2
3409,1875325476.0,1.0,1
3410,1902851362.0,1.51325678497,1
3411,2779349897.0,1.0,0
3412,2374565656.0,1.0,0
3413,2536998336.0,1.0,1
3414,605423327.0,1.0,0
3415,635303417.0,2.9,2
3416,1522601578.0,1.0,1
3417,988454199.0,1.0,1
3418,1534079878.0,1.0,1
3419,2959650129.0,1.0,2
3420,1991728242.0,1.0,1
3421,1129422323.0,1.0,0
3422,3385896565.0,1.0,0
3423,4.25404881822e+37,1.0,1
3424,1946696012.0,1.0,1
3425,248355607.0,1.0,0
3426,1800273032.0,1.0,1
3427,2956199373.0,5.7,2
3428,1176154628.0,1.0,2
3429,243195819.0,1.0,1
3430,1500696017.0,1.0,0
3431,1389395521.0,5.7,2
3432,871078152.0,1.0,0
3433,3075687765.0,1.0,2
3434,1377771278.0,1.0,1
3435,2606613632.0,1.0,1
3436,95637212.0,1.0,0
3437,1321115477.0,1.0,1
3438,1914367826.0,1.0,2
3439,1824813564.0,1.0,1
3440,1995511622.0,1.0,1
3441,3662806789.0,1.0,0
3442,1827062129.0,1.0,0
3443,3159597841.0,1.0,2
3444,4.25404882106e+37,1.0,1
3445,3030351053.0,1.0,1
3446,3075693857.0,1.0,2
3447,1993507359.0,1.0,2
3448,2008345061.0,1.0,1
3449,3738240544.0,1.0,1
3450,1892054730.0,1.0,0
3451,3650330699.0,1.0,1
3452,3001923162.0,1.0,0
3453,1864077735.0,1.0,1
3454,1607718384.0,1.0,1
3455,3171293764.0,5.7,2
3456,2077062996.0,1.0,0
3457,2875318032.0,1.0,0
3458,1406988047.0,1.0,1
3459,2990633885.0,1.0,2
3460,2997412025.0,1.0,2
3461,2000186388.0,1.0,0
3462,2183872060.0,1.0,0
3463,1869355804.0,1.0,1
3464,1442070534.0,1.0,2
3465,2071101187.0,1.0,1
3466,1035255190.0,1.0,0
3467,1856462217.0,1.0,2
3468,1789369579.0,1.0,0
3469,1578602605.0,1.0,1
3470,31894266.0,1.0,1
3471,3064280687.0,1.0,0
3472,1941750783.0,1.0,2
3473,1892045128.0,1.0,0
3474,1539603318.0,2.9,2
3475,2112313799.0,1.0,2
3476,1598987383.0,1.0,1
3477,2304871452.0,1.0,1
3478,460823785.0,1.0,0
3479,1473135213.0,1.0,0
3480,1800273012.0,1.0,1
3481,607970505.0,1.0,2
3482,1386243507.0,1.0,1
3483,1421987995.0,1.0,1
3484,1950947780.0,1.0,0
3485,3648409182.0,1.4,2
3486,762635786.0,10.0,2
3487,3165138222.0,1.0,1
3488,1444282192.0,1.0,1
3489,1012644773.0,1.0,0
3490,528994927.0,1.0,1
3491,2102809494.0,1.0,1
3492,85837353.0,1.0,1
3493,1343749602.0,1.0,1
3494,716376182.0,1.0,1
3495,1729880961.0,1.0,0
3496,2569203911.0,1.0,1
3497,3274698492.0,1.0,1
3498,3398977354.0,2.9,2
3499,3104946421.0,1.0,1
3500,838078472.0,5.7,2
3501,1892359770.0,1.0,0
3502,620828636.0,1.0,2
3503,762347380.0,1.0,1
3504,692615248.0,2.9,2
3505,2009485780.0,1.0,1
3506,459398928.0,5.7,2
3507,1779499057.0,1.0,0
3508,3205696141.0,1.0,0
3509,2959489603.0,1.0,2
3510,2956199469.0,1.0,0
3511,3411683598.0,1.51325678497,1
3512,1023866721.0,1.0,1
3513,2039204845.0,1.0,1
3514,2600763702.0,1.0,0
3515,1435329007.0,1.0,1
3516,3755766857.0,1.0,1
3517,94845982.0,1.0,0
3518,1917594231.0,1.0,0
3519,992457466.0,1.0,1
3520,2993950422.0,1.0,0
3521,1049605932.0,1.0,0
3522,1572412649.0,1.0,0
3523,1607696518.0,1.0,1
3524,3082919696.0,1.0,1
3525,3104946422.0,1.0,1
3526,4.25404882106e+37,1.0,1
3527,3291742772.0,1.0,1
3528,1023903652.0,1.0,1
3529,2073390653.0,1.0,1
3530,3069473656.0,1.0,1
3531,1494483955.0,1.0,2
3532,2966735904.0,1.0,2
3533,2953795369.0,1.51325678497,1
3534,453296615.0,1.0,1
3535,1835853482.0,1.0,1
3536,1992151460.0,1.0,1
3537,1203968278.0,1.0,1
3538,771240914.0,1.0,1
3539,3742426211.0,1.0,1
3540,1938086715.0,1.0,1
3541,2609846167.0,1.0,1
3542,3731399299.0,1.0,1
3543,1773871945.0,1.0,0
3544,4.25404882106e+37,1.0,1
3545,3748900184.0,1.0,0
3546,2988597956.0,1.0,2
3547,786418747.0,1.0,0
3548,1602520652.0,1.0,2
3549,4.25404881822e+37,1.0,1
3550,835615933.0,5.7,2
3551,1768875171.0,1.0,0
3552,2937316499.0,1.0,0
3553,3419558972.0,2.9,2
3554,3420027208.0,1.0,0
3555,1239409455.0,1.0,1
3556,2053806195.0,1.0,1
3557,1729582391.0,1.0,1
3558,3657976537.0,5.7,2
3559,454768076.0,1.0,0
3560,712184812.0,1.4,2
3561,2033590411.0,1.0,0
3562,1488761638.0,1.0,0
3563,1585830007.0,1.0,2
3564,3098330512.0,1.0,1
3565,2990711607.0,1.0,0
3566,1786088744.0,1.0,1
3567,1029318638.0,1.0,2
3568,94798064.0,1.0,0
3569,3210275860.0,1.0,0
3570,1593803525.0,1.0,0
3571,3000076663.0,1.0,1
3572,2857488666.0,1.4,2
3573,1554593284.0,1.0,1
3574,2991806107.0,1.0,1
3575,2990859280.0,1.0,2
3576,1912276481.0,1.0,0
3577,992639745.0,1.0,0
3578,2991464831.0,1.0,2
3579,3081458109.0,1.0,1
3580,1033803078.0,5.7,2
3581,2231042177.0,5.7,2
3582,3671184137.0,1.0,1
3583,1503717735.0,1.0,0
3584,1868906321.0,1.0,1
3585,1963686372.0,1.0,1
3586,3149090024.0,1.0,2
3587,3195621473.0,1.0,0
3588,2078765844.0,1.0,1
3589,1202165440.0,1.0,1
3590,2058287920.0,5.7,2
3591,1849090711.0,1.0,1
3592,1542680223.0,1.0,1
3593,415252899.0,1.0,1
3594,2084351890.0,1.0,1
3595,1531787546.0,1.0,0
3596,1907658760.0,1.0,1
3597,460463440.0,1.0,0
3598,29013581.0,5.7,2
3599,1294548430.0,1.0,0
3600,3.38288524927e+38,1.0,1
3601,1335591532.0,1.0,1
3602,1332781270.0,1.0,0
3603,2867294873.0,1.0,1
3604,1570761520.0,1.0,1
3605,1744612338.0,7.1,2
3606,461547649.0,1.0,0
3607,1842024702.0,1.0,1
3608,1193507737.0,1.0,1
3609,2107745644.0,1.0,2
3610,701783978.0,1.0,0
3611,3287976914.0,1.0,1
3612,701359981.0,1.4,2
3613,2869224917.0,1.0,2
3614,1352106979.0,1.0,0
3615,627697101.0,5.7,2
3616,2006655248.0,5.7,2
3617,3155690949.0,1.0,2
3618,3135422366.0,1.0,2
3619,3244892210.0,1.0,1
3620,1741787025.0,5.7,2
3621,2957478465.0,1.0,0
3622,3138677117.0,1.0,1
3623,2966869707.0,1.0,0
3624,1488088571.0,1.0,1
3625,2857554771.0,1.0,0
3626,2971090809.0,1.0,1
3627,1635749342.0,1.0,0
3628,3177641059.0,1.0,1
3629,1892684014.0,1.0,0
3630,1434734146.0,1.0,2
3631,3106552899.0,1.0,1
3632,3049425397.0,1.0,2
3633,3075542350.0,10.0,2
3634,1677626583.0,1.0,1
3635,3585146662.0,1.0,0
3636,1760879052.0,5.7,2
3637,1318759365.0,2.9,2
3638,782667345.0,1.0,1
3639,1504799272.0,1.0,1
3640,831555285.0,1.0,2
3641,3584839577.0,1.0,0
3642,1569472386.0,1.0,1
3643,2867294866.0,1.0,1
3644,2972340631.0,1.0,1
3645,693766434.0,5.7,2
3646,3576788596.0,1.0,2
3647,825356787.0,4.3,2
3648,629946883.0,1.0,0
3649,1585331683.0,1.0,0
3650,1044561865.0,1.0,1
3651,1365177481.0,1.0,0
3652,1332839847.0,1.51325678497,1
3653,2536738768.0,1.0,1
3654,3202939035.0,1.0,2
3655,3204873857.0,1.0,0
3656,2876410486.0,1.0,1
3657,1294142172.0,1.0,0
3658,3014914322.0,1.0,1
3659,1572410226.0,1.0,2
3660,2892126046.0,5.7,2
3661,996575873.0,1.0,2
3662,2956665302.0,1.0,1
3663,1320995611.0,1.0,1
3664,657220890.0,1.0,0
3665,835613833.0,5.7,2
3666,2826530460.0,1.0,1
3667,3206758475.0,1.0,0
3668,1096606273.0,1.0,2
3669,3001695145.0,1.0,1
3670,3148517612.0,1.0,0
3671,1536329877.0,1.0,1
3672,630426495.0,1.0,2
3673,1403461106.0,1.0,0
3674,3112558666.0,5.7,2
3675,3523774511.0,1.0,1
3676,42384205.0,5.7,2
3677,1570607109.0,1.4,2
3678,2733457934.0,1.0,0
3679,1370367473.0,1.0,2
3680,2534439419.0,1.0,1
3681,3551676565.0,1.0,0
3682,1054688452.0,1.0,2
3683,3574653995.0,1.0,0
3684,3006749628.0,1.0,0
3685,3654859680.0,1.0,0
3686,3206697129.0,1.0,1
3687,1592964562.0,1.0,2
3688,1941643804.0,5.7,2
3689,1768733187.0,5.7,2
3690,1342752832.0,1.0,1
3691,3110593368.0,1.0,1
3692,782676775.0,1.0,1
3693,1551815113.0,1.0,1
3694,3154852854.0,1.0,1
3695,1604199940.0,1.0,0
3696,1514541083.0,1.0,0
3697,2631008535.0,1.0,1
3698,3039590994.0,1.0,2
3699,1179170368.0,1.0,1
3700,2833807872.0,1.0,0
3701,84695147.0,1.0,2
3702,1401377101.0,1.0,1
3703,661502369.0,1.0,0
3704,2449410391.0,5.7,2
3705,1280594372.0,1.0,0
3706,3144541495.0,1.0,1
3707,1146383059.0,1.0,1
3708,3275804823.0,5.7,2
3709,3014823373.0,1.0,1
3710,3708225421.0,1.0,1
3711,1776492097.0,1.0,1
3712,1568500556.0,5.7,2
3713,3156591899.0,1.0,2
3714,1519866520.0,5.7,2
3715,3142218392.0,1.0,0
3716,3422271858.0,1.0,1
3717,1832836988.0,1.0,2
3718,95218574.0,5.7,2
3719,38861790.0,1.0,0
3720,1471767361.0,1.0,1
3721,3173960354.0,1.0,0
3722,2395253185.0,1.0,0
3723,1290006436.0,1.0,0
3724,3393254600.0,1.0,1
3725,2891585514.0,1.0,0
3726,1177368918.0,1.0,2
3727,1744570001.0,5.7,2
3728,1706355185.0,1.0,0
3729,3104058182.0,1.0,1
3730,1334039970.0,1.0,2
3731,1885174532.0,1.0,1
3732,1528874292.0,1.0,1
3733,1929045148.0,1.0,1
3734,1781754846.0,5.7,2
3735,1706077007.0,1.0,1
3736,1467265774.0,5.7,2
3737,3649262197.0,4.3,2
3738,3655439462.0,1.0,1
3739,1377644337.0,1.0,1
3740,1907197660.0,5.7,2
3741,3317479939.0,1.0,1
3742,2537312779.0,1.0,1
3743,3641083458.0,1.0,1
3744,92565526.0,1.0,0
3745,2999708185.0,5.7,2
3746,2972043527.0,5.7,2
3747,1203863898.0,1.0,1
3748,3013274209.0,1.0,1
3749,1293735002.0,1.4,2
3750,1565886727.0,5.7,2
3751,3005935954.0,1.0,0
3752,2985459211.0,1.0,1
3753,824338222.0,1.0,1
3754,3373680647.0,1.0,1
3755,2996224383.0,1.0,0
3756,3204874122.0,1.0,1
3757,3149703223.0,5.7,2
3758,1306424689.0,1.0,2
3759,3016972341.0,1.0,1
3760,2449454028.0,5.7,2
3761,533767692.0,1.0,0
3762,2943690353.0,1.0,1
3763,2994279935.0,1.0,0
3764,1294402926.0,1.0,1
3765,701359973.0,1.4,2
3766,3176290916.0,1.0,2
3767,3266374459.0,1.0,0
3768,2112299246.0,1.0,2
3769,1294660330.0,1.0,1
3770,455982365.0,1.0,1
3771,1453571795.0,1.0,1
3772,697299670.0,1.0,0
3773,3587220060.0,1.51325678497,1
3774,2063800043.0,1.0,1
3775,3275804877.0,5.7,2
3776,238021046.0,1.0,1
3777,243558785.0,1.0,0
3778,1171027436.0,1.0,2
3779,3138035596.0,1.0,0
3780,2867294868.0,1.0,1
3781,3564141293.0,1.0,0
3782,1843618033.0,1.0,2
3783,1741987579.0,5.7,2
3784,1497589177.0,1.0,1
3785,2667611891.0,5.7,2
3786,533337178.0,1.0,1
3787,1578468721.0,1.0,1
3788,528789341.0,1.0,0
3789,3066636635.0,1.0,0
3790,1411085445.0,1.0,1
3791,19164459.0,1.0,1
3792,1450775047.0,1.0,0
3793,2082505414.0,1.0,1
3794,1487099388.0,1.0,1
3795,1755552581.0,1.0,2
3796,1367564647.0,1.0,1
3797,1394116275.0,1.0,0
3798,773866115.0,1.0,0
3799,1597504633.0,1.0,0
3800,1136739359.0,1.0,2
3801,88898051.0,1.0,2
3802,1473489458.0,1.0,1
3803,789298065.0,1.0,1
3804,3360887829.0,1.0,0
3805,3315465548.0,5.7,2
3806,4.25404881822e+37,1.0,1
3807,4.25404882106e+37,1.0,1
3808,4.25404882106e+37,1.0,1
3809,4.25404882106e+37,1.0,1
3810,4.25404882106e+37,1.0,1
3811,1507327476.0,1.0,1
3812,1840029486.0,1.0,1
3813,4.25404881914e+37,1.0,1
3814,783550345.0,1.0,0
3815,1312279049.0,1.0,1
3816,1403744766.0,1.0,0
3817,3416519007.0,5.7,2
3818,1473054844.0,1.0,1
3819,4.25404881914e+37,1.0,1
3820,4.25404882106e+37,1.0,1
3821,4.25404881914e+37,1.0,1
3822,4.25404882106e+37,1.0,1
3823,4.25404882106e+37,1.0,1
3824,4.25404882106e+37,1.0,1
3825,1315034364.0,1.0,0
3826,4.25404882106e+37,1.0,1
3827,1494463114.0,1.0,1
3828,4.25404881822e+37,1.0,1
3829,1768088591.0,1.0,2
3830,984847633.0,1.0,1
3831,3175433167.0,1.0,0
3832,657188680.0,5.7,2
3833,3162240283.0,1.0,1
3834,1349546720.0,1.0,0
3835,2831299122.0,1.0,2
3836,1223346005.0,1.0,1
3837,1531113454.0,1.0,1
3838,455239912.0,1.0,2
3839,2916267951.0,1.0,0
3840,2393283787.0,1.0,0
3841,2006549002.0,5.7,2
3842,1365695455.0,1.51325678497,1
3843,870260928.0,1.51325678497,1
3844,1325498714.0,1.0,1
3845,4.25404882106e+37,1.0,1
3846,1186294206.0,1.0,0
3847,1343199209.0,1.0,1
3848,1351869239.0,1.0,1
3849,3014903498.0,1.0,1
3850,4.25404882106e+37,1.0,1
3851,3172624937.0,1.0,1
3852,1776444275.0,1.0,2
3853,3141142135.0,1.0,1
3854,3720215474.0,1.0,1
3855,1565294277.0,1.0,0
3856,1325886216.0,1.0,1
3857,2990311919.0,1.0,0
3858,1332854562.0,1.0,1
3859,4.25404882106e+37,1.0,1
3860,1832913723.0,1.0,2
3861,3587654475.0,1.0,1
3862,1495535170.0,1.0,2
3863,1170929874.0,1.0,0
3864,1570481156.0,1.0,0
3865,3165125365.0,1.0,2
3866,613788815.0,1.0,1
3867,3044122126.0,1.0,1
3868,613750571.0,1.0,0
3869,871089932.0,1.0,2
3870,2002669904.0,1.0,1
3871,1009858696.0,1.0,0
3872,1111568894.0,1.0,2
3873,2835391426.0,1.0,0
3874,3108962790.0,2.9,2
3875,3010357541.0,1.51325678497,1
3876,613777625.0,1.0,0
3877,35341314.0,1.0,1
3878,613765707.0,1.0,0
3879,4.25404881914e+37,1.0,1
3880,613781889.0,1.0,0
3881,756777432.0,1.0,0
3882,1536306882.0,1.0,1
3883,2327473916.0,1.0,0
3884,2089968790.0,1.0,0
3885,1796702726.0,1.0,1
3886,2783239592.0,1.0,1
3887,2012709160.0,1.0,1
3888,3200539986.0,1.0,1
3889,1572079436.0,1.0,1
3890,1472134290.0,1.0,1
3891,1522314304.0,1.0,0
3892,1565144035.0,1.0,1
3893,2964260203.0,1.0,1
3894,3158063857.0,1.0,0
3895,4.25404882106e+37,1.0,1
3896,1451092936.0,1.0,0
3897,2974516146.0,5.7,2
3898,1367406586.0,1.0,1
3899,3589202987.0,1.0,0
3900,1429901197.0,1.0,0
3901,3582614540.0,1.0,2
3902,1915718103.0,1.0,0
3903,1147280005.0,1.0,0
3904,17514178.0,1.0,0
3905,1314935128.0,1.4,2
3906,1303449275.0,1.0,0
3907,599985740.0,1.0,1
3908,4.25404882106e+37,1.0,1
3909,997440562.0,1.0,0
3910,1597674706.0,5.7,2
3911,3107058470.0,1.0,1
3912,3014789269.0,1.0,1
3913,1329482990.0,1.0,1
3914,2992263973.0,1.0,2
3915,1566280301.0,1.0,0
3916,521794344.0,1.0,0
3917,1808951896.0,1.0,0
3918,3039395410.0,1.0,1
3919,2449454177.0,5.7,2
3920,1536311417.0,1.0,1
3921,3512677222.0,5.7,2
3922,1562682124.0,1.0,1
3923,1595808176.0,1.0,0
3924,1333662080.0,1.0,0
3925,1333194242.0,1.0,0
3926,1451097305.0,1.0,0
3927,1240979189.0,1.0,1
3928,1182369003.0,1.0,2
3929,1550776267.0,1.0,0
3930,3192406604.0,1.0,0
3931,1042614806.0,1.0,1
3932,2875267862.0,1.0,0
3933,3248049962.0,1.0,2
3934,981004704.0,1.0,1
3935,1813687799.0,1.0,1
3936,2976596215.0,1.0,1
3937,1051745117.0,1.0,0
